Data Figure 2.13b and 2.14b (2/3): Data series on personal wealth (bottom 50% share);;;;;;;;;;;;;;;;;;;;;;;;;;;;;;;;;;;;;;;;;;;;;;;;;;;;;;;;;;;;;;;;;;;;;;;;;;;;;;;;;;;;;;;;;;;;;;;;;;;;;;;;;;;;;;;;;;;;;;;;;;;;;;;;;;;;;;;
Sheet extracted from Platform Paper: Botheetal2026AppendixDistribution.xlsx sheet K1b;;;;;;;;;;;;;;;;;;;;;;;;;;;;;;;;;;;;;;;;;;;;;;;;;;;;;;;;;;;;;;;;;;;;;;;;;;;;;;;;;;;;;;;;;;;;;;;;;;;;;;;;;;;;;;;;;;;;;;;;;;;;;;;;;;;;;;;
;;;;;;;;;;;;;;;;;;;;;;;;;;;;;;;;;;;;;;;;;;;;;;;;;;;;;;;;;;;;;;;;;;;;;;;;;;;;;;;;;;;;;;;;;;;;;;;;;;;;;;;;;;;;;;;;;;;;;;;;;;;;;;;;;;;;;;;
;World;Europe;North America/ Oceania;Latin America;Middle East/North Africa;Subsaharan Africa;Russia/ Central Asia;East Asia;South & South-East Asia;DE   ;DK;ES;FR;GB;IT;NL;NO;SE;OC;QM;US;CA;AU;NZ;OH;AR;BR;CL;CO;MX;OD;AE;DZ;EG;IR;MA;SA;TR;OE;CD;CI;ET;KE;ML;NE;NG;RW;SD;ZA;OJ;RU;OA;CN;JP;KR;TW;OB;BD;IN;ID;MM;PK;PH;TH;VN;OI;Core Social-Democratic Europe (DE-DK-FR-GB-NL-NO-SE);Core Western Europe (DE-FR-GB);Core Nordic Europe (DK-NL-NO-SE);World (population-weighted);Europe (Pop. weighted);North America/ Oceania (pop.weighted);Latin America (pop.weighted);Middle East/North Africa (pop.weighted);Subsaharan Africa (pop.weighted);Russia/ Central Asia (pop.weighted);East Asia (pop.weighted);South & South-East Asia (pop.weighted);;;;;;;;;;;;;;;;;;;;;;;;;;;;;;;;;;;;;;;;;;;;;;;;;;;;;;;;;
1800;5%;2%;2%;2%;3%;2%;6%;11%;8%;0%;3%;2%;2%;1%;14%;1%;-0%;8%;3%;3%;2%;11%;4%;4%;3%;3%;2%;3%;3%;3%;3%;3%;3%;3%;3%;3%;3%;3%;3%;3%;3%;3%;3%;3%;3%;3%;3%;3%;-2%;2%;8%;4%;14%;1%;-0%;3%;3%;3%;11%;5%;3%;3%;3%;3%;3%;3%;2%;1%;3%;8%;4%;3%;3%;3%;2%;6%;12%;8%;;;;;;;;;;;;;;;;;;;;;;;;;;;;;;;;;;;;;;;;;;;;;;;;;;;;;;;;;
1801;5%;2%;2%;2%;3%;2%;6%;11%;8%;0%;3%;2%;2%;1%;14%;1%;-0%;8%;3%;3%;2%;11%;4%;4%;3%;3%;2%;3%;3%;3%;3%;3%;3%;3%;3%;3%;3%;3%;3%;3%;3%;3%;3%;3%;3%;3%;3%;3%;-2%;2%;8%;4%;14%;1%;-0%;3%;3%;3%;11%;5%;3%;3%;3%;3%;3%;3%;2%;1%;3%;8%;4%;3%;3%;3%;2%;6%;12%;8%;;;;;;;;;;;;;;;;;;;;;;;;;;;;;;;;;;;;;;;;;;;;;;;;;;;;;;;;;
1802;5%;2%;2%;2%;3%;2%;6%;11%;8%;0%;3%;2%;3%;1%;14%;1%;-0%;8%;3%;3%;2%;11%;4%;4%;3%;3%;2%;3%;3%;3%;3%;3%;3%;3%;3%;3%;3%;3%;3%;3%;3%;3%;3%;3%;3%;3%;3%;3%;-2%;2%;8%;4%;14%;1%;-0%;3%;3%;3%;11%;5%;3%;3%;3%;3%;3%;3%;2%;1%;3%;8%;4%;3%;3%;3%;2%;6%;12%;8%;;;;;;;;;;;;;;;;;;;;;;;;;;;;;;;;;;;;;;;;;;;;;;;;;;;;;;;;;
1803;5%;2%;2%;2%;3%;2%;6%;11%;8%;0%;3%;2%;3%;1%;14%;1%;-0%;8%;3%;3%;2%;11%;4%;4%;3%;3%;2%;3%;3%;3%;3%;3%;3%;3%;3%;3%;3%;3%;3%;3%;3%;3%;3%;3%;3%;3%;3%;3%;-2%;2%;8%;4%;14%;1%;-0%;3%;3%;3%;11%;5%;3%;3%;3%;3%;3%;3%;2%;1%;3%;8%;4%;3%;3%;3%;2%;6%;12%;8%;;;;;;;;;;;;;;;;;;;;;;;;;;;;;;;;;;;;;;;;;;;;;;;;;;;;;;;;;
1804;5%;2%;2%;2%;3%;2%;6%;11%;8%;0%;3%;2%;3%;1%;14%;1%;-0%;7%;3%;3%;2%;11%;4%;4%;3%;3%;2%;3%;3%;3%;3%;3%;3%;3%;3%;3%;3%;3%;3%;3%;3%;3%;3%;3%;3%;3%;3%;3%;-2%;2%;8%;4%;14%;1%;-0%;3%;3%;3%;11%;5%;3%;3%;3%;3%;3%;3%;2%;1%;3%;8%;4%;3%;3%;3%;2%;6%;12%;8%;;;;;;;;;;;;;;;;;;;;;;;;;;;;;;;;;;;;;;;;;;;;;;;;;;;;;;;;;
1805;5%;2%;2%;2%;3%;2%;6%;11%;8%;0%;3%;2%;3%;1%;14%;1%;-0%;7%;3%;3%;2%;11%;4%;4%;3%;3%;2%;3%;3%;3%;3%;3%;3%;3%;3%;3%;3%;3%;3%;3%;3%;3%;3%;3%;3%;3%;3%;3%;-2%;2%;8%;4%;14%;1%;-0%;3%;3%;3%;11%;5%;3%;3%;3%;3%;3%;3%;2%;1%;3%;8%;4%;3%;3%;3%;2%;6%;12%;8%;;;;;;;;;;;;;;;;;;;;;;;;;;;;;;;;;;;;;;;;;;;;;;;;;;;;;;;;;
1806;5%;2%;2%;2%;3%;2%;6%;11%;8%;0%;3%;2%;3%;1%;14%;1%;-0%;7%;3%;3%;2%;11%;4%;4%;3%;3%;2%;3%;3%;3%;3%;3%;3%;3%;3%;3%;3%;3%;3%;3%;3%;3%;3%;3%;3%;3%;3%;3%;-2%;2%;8%;4%;14%;1%;-0%;3%;3%;3%;11%;5%;3%;3%;3%;3%;3%;3%;2%;1%;3%;8%;4%;3%;3%;3%;2%;6%;12%;8%;;;;;;;;;;;;;;;;;;;;;;;;;;;;;;;;;;;;;;;;;;;;;;;;;;;;;;;;;
1807;5%;2%;2%;2%;3%;2%;6%;11%;8%;0%;3%;2%;3%;1%;14%;1%;-0%;7%;3%;3%;2%;11%;4%;4%;3%;3%;2%;3%;3%;3%;3%;3%;3%;3%;3%;3%;3%;3%;3%;3%;3%;3%;3%;3%;3%;3%;3%;3%;-2%;2%;8%;4%;14%;1%;-0%;3%;3%;3%;11%;5%;3%;3%;3%;3%;3%;3%;2%;1%;3%;8%;4%;3%;3%;3%;2%;6%;12%;8%;;;;;;;;;;;;;;;;;;;;;;;;;;;;;;;;;;;;;;;;;;;;;;;;;;;;;;;;;
1808;5%;2%;2%;2%;3%;2%;6%;11%;8%;0%;3%;2%;3%;1%;14%;1%;-0%;7%;3%;3%;2%;11%;4%;4%;3%;3%;2%;3%;3%;3%;3%;3%;3%;3%;3%;3%;3%;3%;3%;3%;3%;3%;3%;3%;3%;3%;3%;3%;-2%;2%;8%;4%;14%;1%;-0%;3%;3%;3%;11%;5%;3%;3%;3%;3%;3%;3%;2%;1%;3%;8%;4%;3%;3%;3%;2%;6%;12%;8%;;;;;;;;;;;;;;;;;;;;;;;;;;;;;;;;;;;;;;;;;;;;;;;;;;;;;;;;;
1809;5%;2%;2%;2%;3%;2%;6%;11%;8%;0%;3%;2%;3%;1%;14%;1%;-0%;7%;3%;3%;2%;11%;4%;4%;3%;3%;2%;3%;3%;3%;3%;3%;3%;3%;3%;3%;3%;3%;3%;3%;3%;3%;3%;3%;3%;3%;3%;3%;-2%;2%;8%;4%;14%;1%;-0%;3%;3%;3%;11%;5%;3%;3%;3%;3%;3%;3%;2%;1%;3%;8%;4%;3%;3%;3%;2%;6%;12%;8%;;;;;;;;;;;;;;;;;;;;;;;;;;;;;;;;;;;;;;;;;;;;;;;;;;;;;;;;;
1810;5%;2%;2%;2%;3%;2%;6%;11%;8%;0%;3%;2%;3%;1%;14%;1%;-0%;7%;3%;3%;2%;11%;4%;4%;3%;3%;2%;3%;3%;3%;3%;3%;3%;3%;3%;3%;3%;3%;3%;3%;3%;3%;3%;3%;3%;3%;3%;3%;-2%;2%;8%;4%;14%;1%;-0%;3%;3%;3%;11%;5%;3%;3%;3%;3%;3%;3%;2%;1%;3%;8%;4%;3%;3%;3%;2%;6%;12%;8%;;;;;;;;;;;;;;;;;;;;;;;;;;;;;;;;;;;;;;;;;;;;;;;;;;;;;;;;;
1811;5%;2%;2%;2%;3%;2%;6%;11%;8%;0%;3%;2%;3%;1%;14%;1%;-0%;7%;3%;3%;2%;11%;4%;4%;3%;3%;2%;3%;3%;3%;3%;3%;3%;3%;3%;3%;3%;3%;3%;3%;3%;3%;3%;3%;3%;3%;3%;3%;-2%;2%;8%;4%;14%;1%;-0%;3%;3%;3%;11%;5%;3%;3%;3%;3%;3%;3%;2%;1%;3%;8%;4%;3%;3%;3%;2%;6%;12%;8%;;;;;;;;;;;;;;;;;;;;;;;;;;;;;;;;;;;;;;;;;;;;;;;;;;;;;;;;;
1812;5%;2%;2%;2%;3%;2%;6%;11%;8%;0%;3%;2%;2%;1%;14%;1%;-0%;7%;3%;3%;2%;11%;4%;4%;3%;3%;2%;3%;3%;3%;3%;3%;3%;3%;3%;3%;3%;3%;3%;3%;3%;3%;3%;3%;3%;3%;3%;3%;-2%;2%;8%;4%;14%;1%;-0%;3%;3%;3%;11%;5%;3%;3%;3%;3%;3%;3%;2%;1%;3%;8%;4%;3%;3%;3%;2%;6%;12%;8%;;;;;;;;;;;;;;;;;;;;;;;;;;;;;;;;;;;;;;;;;;;;;;;;;;;;;;;;;
1813;5%;2%;2%;2%;3%;2%;6%;11%;8%;0%;3%;2%;2%;1%;14%;1%;-0%;7%;3%;3%;2%;11%;4%;4%;3%;3%;2%;3%;3%;3%;3%;3%;3%;3%;3%;3%;3%;3%;3%;3%;3%;3%;3%;3%;3%;3%;3%;3%;-2%;2%;8%;4%;14%;1%;-0%;3%;3%;3%;11%;5%;3%;3%;3%;3%;3%;3%;2%;1%;3%;8%;4%;3%;3%;3%;2%;6%;12%;8%;;;;;;;;;;;;;;;;;;;;;;;;;;;;;;;;;;;;;;;;;;;;;;;;;;;;;;;;;
1814;5%;2%;2%;2%;3%;2%;6%;11%;8%;0%;3%;2%;2%;1%;14%;1%;-0%;7%;3%;3%;2%;11%;4%;4%;3%;3%;2%;3%;3%;3%;3%;3%;3%;3%;3%;3%;3%;3%;3%;3%;3%;3%;3%;3%;3%;3%;3%;3%;-2%;2%;8%;4%;14%;1%;-0%;3%;3%;3%;11%;5%;3%;3%;3%;3%;3%;3%;2%;1%;3%;8%;4%;3%;3%;3%;2%;6%;12%;8%;;;;;;;;;;;;;;;;;;;;;;;;;;;;;;;;;;;;;;;;;;;;;;;;;;;;;;;;;
1815;5%;2%;2%;2%;3%;2%;6%;11%;8%;0%;3%;2%;2%;1%;14%;1%;-0%;7%;3%;3%;2%;11%;4%;4%;3%;3%;2%;3%;3%;3%;3%;3%;3%;3%;3%;3%;3%;3%;3%;3%;3%;3%;3%;3%;3%;3%;3%;3%;-2%;2%;8%;4%;14%;1%;-0%;3%;3%;3%;11%;5%;3%;3%;3%;3%;3%;3%;2%;1%;3%;8%;4%;3%;3%;3%;2%;6%;12%;8%;;;;;;;;;;;;;;;;;;;;;;;;;;;;;;;;;;;;;;;;;;;;;;;;;;;;;;;;;
1816;5%;2%;2%;2%;3%;2%;6%;11%;8%;0%;3%;2%;2%;1%;14%;1%;-0%;7%;3%;3%;2%;11%;4%;4%;3%;3%;2%;3%;3%;3%;3%;3%;3%;3%;3%;3%;3%;3%;3%;3%;3%;3%;3%;3%;3%;3%;3%;3%;-2%;2%;8%;4%;14%;1%;-0%;3%;3%;3%;11%;5%;3%;3%;3%;3%;3%;3%;2%;1%;2%;8%;4%;3%;3%;3%;2%;6%;12%;8%;;;;;;;;;;;;;;;;;;;;;;;;;;;;;;;;;;;;;;;;;;;;;;;;;;;;;;;;;
1817;5%;2%;2%;2%;3%;2%;6%;11%;8%;0%;3%;2%;2%;1%;14%;1%;-0%;7%;3%;3%;2%;11%;4%;4%;3%;3%;2%;3%;3%;3%;3%;3%;3%;3%;3%;3%;3%;3%;3%;3%;3%;3%;3%;3%;3%;3%;3%;3%;-2%;2%;8%;4%;14%;1%;-0%;3%;3%;3%;11%;5%;3%;3%;3%;3%;3%;3%;2%;1%;2%;8%;4%;3%;3%;3%;2%;6%;12%;8%;;;;;;;;;;;;;;;;;;;;;;;;;;;;;;;;;;;;;;;;;;;;;;;;;;;;;;;;;
1818;5%;2%;2%;2%;3%;2%;6%;11%;8%;0%;3%;2%;2%;1%;14%;1%;-0%;6%;3%;3%;2%;11%;4%;4%;3%;3%;2%;3%;3%;3%;3%;3%;3%;3%;3%;3%;3%;3%;3%;3%;3%;3%;3%;3%;3%;3%;3%;3%;-2%;2%;8%;4%;14%;1%;-0%;3%;3%;3%;11%;5%;3%;3%;3%;3%;3%;3%;2%;1%;2%;8%;4%;3%;3%;3%;2%;6%;12%;8%;;;;;;;;;;;;;;;;;;;;;;;;;;;;;;;;;;;;;;;;;;;;;;;;;;;;;;;;;
1819;5%;2%;2%;2%;3%;2%;6%;11%;8%;0%;3%;2%;2%;1%;14%;1%;-0%;6%;3%;3%;2%;11%;4%;4%;3%;3%;2%;3%;3%;3%;3%;3%;3%;3%;3%;3%;3%;3%;3%;3%;3%;3%;3%;3%;3%;3%;3%;3%;-2%;2%;8%;4%;14%;1%;-0%;3%;3%;3%;11%;5%;3%;3%;3%;3%;3%;3%;2%;1%;2%;8%;4%;3%;3%;3%;2%;6%;12%;8%;;;;;;;;;;;;;;;;;;;;;;;;;;;;;;;;;;;;;;;;;;;;;;;;;;;;;;;;;
1820;5%;2%;2%;2%;3%;2%;6%;11%;8%;0%;3%;2%;2%;1%;14%;1%;-0%;6%;3%;3%;2%;11%;4%;4%;3%;3%;2%;3%;3%;3%;3%;3%;3%;3%;3%;3%;3%;3%;3%;3%;3%;3%;3%;3%;3%;3%;3%;3%;-2%;2%;8%;4%;14%;1%;-0%;3%;3%;3%;11%;5%;3%;3%;3%;3%;3%;3%;2%;1%;2%;8%;4%;3%;3%;3%;2%;6%;12%;8%;;;;;;;;;;;;;;;;;;;;;;;;;;;;;;;;;;;;;;;;;;;;;;;;;;;;;;;;;
1821;5%;2%;2%;2%;3%;2%;6%;11%;8%;0%;3%;2%;2%;1%;14%;1%;-0%;6%;3%;3%;2%;11%;4%;4%;3%;3%;2%;3%;3%;3%;3%;3%;3%;3%;3%;3%;3%;3%;3%;3%;3%;3%;3%;3%;3%;3%;3%;3%;-2%;2%;8%;4%;14%;1%;-0%;3%;3%;3%;11%;5%;3%;3%;3%;3%;3%;3%;2%;1%;2%;8%;4%;3%;3%;3%;2%;6%;12%;8%;;;;;;;;;;;;;;;;;;;;;;;;;;;;;;;;;;;;;;;;;;;;;;;;;;;;;;;;;
1822;5%;2%;2%;2%;3%;2%;6%;11%;8%;0%;3%;2%;2%;1%;14%;1%;-0%;6%;3%;3%;2%;11%;4%;4%;3%;3%;2%;3%;3%;3%;3%;3%;3%;3%;3%;3%;3%;3%;3%;3%;3%;3%;3%;3%;3%;3%;3%;3%;-2%;2%;8%;4%;14%;1%;-0%;3%;3%;3%;11%;5%;3%;3%;3%;3%;3%;3%;2%;1%;2%;8%;4%;3%;3%;3%;2%;6%;12%;8%;;;;;;;;;;;;;;;;;;;;;;;;;;;;;;;;;;;;;;;;;;;;;;;;;;;;;;;;;
1823;5%;2%;2%;2%;3%;2%;6%;11%;8%;0%;3%;2%;2%;1%;14%;1%;-0%;6%;3%;3%;2%;11%;4%;4%;3%;3%;2%;3%;3%;3%;3%;3%;3%;3%;3%;3%;3%;3%;3%;3%;3%;3%;3%;3%;3%;3%;3%;3%;-2%;2%;8%;4%;14%;1%;-0%;3%;3%;3%;11%;5%;3%;3%;3%;3%;3%;3%;2%;1%;2%;8%;4%;3%;3%;3%;2%;6%;12%;8%;;;;;;;;;;;;;;;;;;;;;;;;;;;;;;;;;;;;;;;;;;;;;;;;;;;;;;;;;
1824;5%;2%;2%;2%;3%;2%;6%;11%;8%;0%;3%;2%;2%;1%;14%;1%;-0%;6%;3%;3%;2%;11%;4%;4%;3%;3%;2%;3%;3%;3%;3%;3%;3%;3%;3%;3%;3%;2%;3%;3%;3%;3%;3%;3%;3%;3%;3%;3%;-2%;2%;8%;3%;14%;1%;-0%;3%;3%;3%;11%;5%;3%;3%;3%;3%;3%;3%;2%;1%;2%;8%;4%;3%;3%;3%;2%;6%;12%;8%;;;;;;;;;;;;;;;;;;;;;;;;;;;;;;;;;;;;;;;;;;;;;;;;;;;;;;;;;
1825;5%;2%;2%;2%;3%;2%;6%;11%;8%;0%;3%;2%;2%;1%;14%;1%;-0%;6%;3%;3%;2%;11%;4%;4%;3%;3%;2%;3%;3%;3%;3%;3%;3%;3%;3%;3%;3%;2%;3%;3%;3%;3%;3%;3%;3%;3%;3%;3%;-2%;2%;8%;3%;14%;1%;-0%;3%;3%;3%;11%;5%;3%;3%;3%;3%;3%;3%;2%;1%;2%;8%;4%;3%;3%;3%;2%;6%;12%;8%;;;;;;;;;;;;;;;;;;;;;;;;;;;;;;;;;;;;;;;;;;;;;;;;;;;;;;;;;
1826;5%;2%;2%;2%;3%;2%;6%;11%;8%;0%;3%;2%;2%;1%;14%;1%;-0%;6%;3%;3%;2%;11%;4%;4%;3%;3%;2%;3%;3%;3%;3%;3%;3%;3%;3%;3%;3%;2%;3%;3%;3%;3%;3%;3%;3%;3%;3%;3%;-2%;2%;8%;3%;14%;1%;-1%;3%;3%;3%;11%;5%;3%;3%;3%;3%;3%;3%;2%;1%;2%;8%;4%;3%;3%;3%;2%;6%;12%;8%;;;;;;;;;;;;;;;;;;;;;;;;;;;;;;;;;;;;;;;;;;;;;;;;;;;;;;;;;
1827;5%;2%;2%;2%;3%;2%;6%;11%;8%;0%;3%;2%;2%;1%;14%;1%;-0%;6%;3%;3%;2%;11%;4%;4%;3%;3%;2%;3%;3%;3%;3%;3%;3%;3%;3%;3%;3%;2%;3%;3%;3%;3%;3%;3%;3%;3%;3%;3%;-2%;2%;8%;3%;14%;1%;-1%;3%;3%;3%;11%;5%;3%;3%;3%;3%;3%;3%;2%;1%;2%;8%;4%;3%;3%;3%;2%;6%;12%;8%;;;;;;;;;;;;;;;;;;;;;;;;;;;;;;;;;;;;;;;;;;;;;;;;;;;;;;;;;
1828;5%;2%;2%;2%;3%;2%;6%;11%;8%;0%;3%;2%;2%;1%;14%;1%;-0%;6%;3%;3%;2%;11%;4%;4%;3%;3%;2%;3%;3%;3%;3%;3%;3%;3%;3%;3%;3%;2%;3%;3%;3%;3%;3%;3%;3%;3%;3%;3%;-2%;2%;8%;3%;14%;1%;-1%;3%;3%;3%;11%;5%;3%;3%;3%;3%;3%;3%;2%;1%;2%;8%;4%;3%;3%;3%;2%;6%;12%;8%;;;;;;;;;;;;;;;;;;;;;;;;;;;;;;;;;;;;;;;;;;;;;;;;;;;;;;;;;
1829;5%;2%;2%;2%;3%;2%;6%;11%;8%;0%;3%;2%;2%;1%;14%;1%;-0%;6%;3%;3%;2%;11%;4%;4%;3%;3%;2%;3%;3%;3%;3%;3%;3%;3%;3%;3%;3%;2%;3%;3%;3%;3%;3%;3%;3%;3%;3%;3%;-2%;2%;8%;3%;14%;1%;-1%;3%;3%;3%;11%;5%;3%;3%;3%;3%;3%;3%;2%;1%;2%;8%;4%;3%;3%;3%;2%;6%;12%;8%;;;;;;;;;;;;;;;;;;;;;;;;;;;;;;;;;;;;;;;;;;;;;;;;;;;;;;;;;
1830;5%;2%;2%;2%;3%;2%;6%;11%;7%;0%;3%;2%;2%;1%;14%;1%;-0%;6%;3%;3%;2%;11%;4%;4%;3%;3%;2%;3%;3%;3%;3%;3%;3%;3%;3%;3%;3%;2%;3%;3%;3%;3%;3%;3%;3%;3%;3%;3%;-2%;2%;8%;3%;14%;1%;-1%;3%;3%;3%;11%;5%;3%;3%;3%;3%;3%;3%;2%;1%;2%;8%;4%;3%;3%;3%;2%;6%;12%;8%;;;;;;;;;;;;;;;;;;;;;;;;;;;;;;;;;;;;;;;;;;;;;;;;;;;;;;;;;
1831;5%;2%;2%;2%;3%;2%;6%;11%;7%;0%;3%;2%;2%;1%;14%;1%;-0%;6%;3%;3%;2%;11%;4%;4%;3%;3%;2%;3%;3%;3%;3%;3%;3%;3%;3%;3%;3%;2%;3%;3%;3%;3%;3%;3%;3%;3%;3%;3%;-2%;2%;8%;3%;14%;1%;-1%;3%;3%;3%;11%;5%;3%;3%;3%;3%;3%;3%;2%;1%;2%;8%;4%;3%;3%;3%;2%;6%;12%;8%;;;;;;;;;;;;;;;;;;;;;;;;;;;;;;;;;;;;;;;;;;;;;;;;;;;;;;;;;
1832;5%;2%;2%;2%;3%;2%;6%;11%;7%;0%;3%;2%;2%;1%;14%;1%;-0%;6%;3%;3%;2%;11%;4%;4%;3%;3%;2%;3%;3%;3%;3%;3%;3%;3%;3%;3%;3%;2%;3%;3%;3%;3%;3%;3%;3%;3%;3%;3%;-2%;2%;8%;3%;14%;1%;-1%;3%;3%;3%;11%;5%;3%;3%;3%;3%;3%;3%;2%;1%;2%;8%;4%;3%;3%;3%;2%;6%;12%;8%;;;;;;;;;;;;;;;;;;;;;;;;;;;;;;;;;;;;;;;;;;;;;;;;;;;;;;;;;
1833;5%;2%;2%;2%;3%;2%;6%;11%;7%;0%;3%;2%;3%;1%;14%;1%;-0%;6%;3%;3%;2%;12%;3%;4%;3%;3%;2%;3%;3%;3%;3%;3%;3%;3%;3%;3%;3%;2%;3%;3%;3%;3%;3%;3%;3%;3%;3%;3%;-2%;2%;8%;3%;14%;1%;-1%;3%;3%;3%;11%;5%;3%;3%;3%;3%;3%;3%;2%;1%;2%;8%;4%;3%;3%;3%;2%;6%;12%;8%;;;;;;;;;;;;;;;;;;;;;;;;;;;;;;;;;;;;;;;;;;;;;;;;;;;;;;;;;
1834;5%;2%;2%;2%;3%;2%;6%;11%;7%;0%;3%;2%;3%;1%;14%;1%;-0%;6%;3%;3%;2%;12%;3%;4%;3%;3%;2%;3%;3%;3%;3%;3%;3%;3%;3%;3%;3%;2%;3%;3%;3%;3%;3%;3%;3%;3%;3%;3%;-3%;2%;8%;3%;14%;1%;-1%;3%;3%;3%;11%;5%;3%;3%;3%;3%;3%;3%;2%;1%;2%;8%;4%;3%;3%;3%;2%;6%;12%;8%;;;;;;;;;;;;;;;;;;;;;;;;;;;;;;;;;;;;;;;;;;;;;;;;;;;;;;;;;
1835;4%;2%;2%;2%;3%;2%;6%;11%;7%;0%;3%;2%;3%;1%;14%;1%;-0%;6%;3%;3%;2%;12%;3%;4%;3%;3%;2%;3%;3%;3%;3%;3%;3%;3%;3%;3%;3%;2%;3%;3%;3%;3%;3%;3%;3%;3%;3%;3%;-3%;2%;8%;3%;14%;1%;-1%;3%;3%;3%;11%;5%;3%;3%;3%;3%;3%;3%;2%;1%;2%;8%;4%;3%;3%;3%;2%;6%;12%;8%;;;;;;;;;;;;;;;;;;;;;;;;;;;;;;;;;;;;;;;;;;;;;;;;;;;;;;;;;
1836;4%;2%;2%;2%;3%;2%;6%;11%;7%;0%;3%;2%;3%;1%;14%;1%;-0%;6%;3%;3%;2%;12%;3%;4%;3%;3%;2%;3%;3%;3%;3%;3%;3%;3%;3%;3%;3%;2%;3%;3%;3%;3%;3%;3%;3%;3%;3%;3%;-3%;2%;8%;3%;14%;1%;-1%;3%;3%;3%;11%;5%;3%;3%;3%;3%;3%;3%;2%;1%;2%;8%;4%;3%;3%;3%;2%;6%;12%;8%;;;;;;;;;;;;;;;;;;;;;;;;;;;;;;;;;;;;;;;;;;;;;;;;;;;;;;;;;
1837;4%;2%;2%;2%;3%;2%;6%;11%;7%;0%;3%;2%;3%;1%;14%;1%;-0%;6%;3%;3%;2%;12%;3%;4%;3%;3%;2%;3%;3%;3%;3%;3%;3%;3%;3%;3%;3%;2%;3%;3%;3%;3%;3%;3%;3%;3%;3%;3%;-3%;2%;8%;3%;14%;1%;-1%;3%;3%;3%;11%;5%;3%;3%;3%;3%;3%;3%;2%;1%;2%;8%;4%;3%;3%;3%;2%;6%;12%;8%;;;;;;;;;;;;;;;;;;;;;;;;;;;;;;;;;;;;;;;;;;;;;;;;;;;;;;;;;
1838;5%;2%;2%;2%;3%;2%;6%;11%;7%;0%;3%;2%;2%;1%;14%;1%;-0%;6%;3%;3%;2%;12%;3%;4%;3%;3%;2%;3%;3%;3%;3%;3%;3%;3%;3%;3%;3%;2%;3%;3%;3%;3%;3%;3%;3%;3%;3%;3%;-3%;2%;8%;3%;14%;1%;-1%;3%;3%;3%;11%;5%;3%;3%;3%;3%;3%;3%;2%;1%;2%;8%;4%;3%;3%;3%;2%;6%;12%;8%;;;;;;;;;;;;;;;;;;;;;;;;;;;;;;;;;;;;;;;;;;;;;;;;;;;;;;;;;
1839;5%;2%;2%;2%;3%;2%;6%;11%;7%;0%;3%;2%;2%;1%;14%;1%;-0%;6%;3%;3%;2%;12%;3%;4%;3%;3%;2%;3%;3%;3%;3%;3%;3%;3%;3%;3%;3%;2%;3%;3%;3%;3%;3%;3%;3%;3%;3%;3%;-3%;2%;8%;3%;14%;1%;-1%;3%;3%;3%;11%;5%;3%;3%;3%;3%;3%;3%;2%;1%;2%;8%;4%;3%;3%;3%;2%;6%;12%;8%;;;;;;;;;;;;;;;;;;;;;;;;;;;;;;;;;;;;;;;;;;;;;;;;;;;;;;;;;
1840;4%;2%;2%;2%;3%;2%;6%;11%;7%;0%;3%;2%;2%;1%;14%;1%;-0%;6%;3%;3%;2%;12%;3%;4%;3%;3%;2%;3%;3%;3%;3%;3%;3%;3%;3%;3%;3%;2%;3%;3%;3%;3%;3%;3%;3%;3%;3%;3%;-3%;2%;8%;3%;14%;1%;-1%;3%;3%;3%;11%;5%;3%;3%;3%;3%;3%;3%;2%;1%;2%;8%;3%;3%;3%;3%;2%;6%;12%;8%;;;;;;;;;;;;;;;;;;;;;;;;;;;;;;;;;;;;;;;;;;;;;;;;;;;;;;;;;
1841;4%;2%;2%;2%;3%;2%;6%;11%;7%;0%;3%;2%;2%;1%;14%;1%;-0%;6%;3%;3%;2%;12%;3%;4%;3%;3%;2%;3%;3%;3%;3%;3%;3%;3%;3%;3%;3%;2%;3%;3%;3%;3%;3%;3%;3%;3%;3%;3%;-3%;2%;8%;3%;13%;1%;-1%;3%;3%;3%;11%;5%;3%;3%;3%;3%;3%;3%;2%;1%;2%;8%;3%;3%;3%;3%;2%;6%;12%;8%;;;;;;;;;;;;;;;;;;;;;;;;;;;;;;;;;;;;;;;;;;;;;;;;;;;;;;;;;
1842;4%;2%;2%;2%;3%;2%;6%;11%;7%;0%;3%;2%;2%;1%;14%;1%;-0%;6%;3%;3%;2%;12%;3%;4%;3%;3%;2%;3%;3%;3%;3%;3%;3%;3%;3%;3%;3%;2%;3%;3%;3%;3%;3%;3%;3%;3%;3%;3%;-3%;2%;8%;3%;13%;1%;-1%;3%;3%;3%;11%;5%;3%;3%;3%;3%;3%;3%;2%;1%;2%;8%;3%;3%;3%;3%;2%;6%;12%;8%;;;;;;;;;;;;;;;;;;;;;;;;;;;;;;;;;;;;;;;;;;;;;;;;;;;;;;;;;
1843;4%;2%;2%;2%;3%;2%;6%;11%;7%;0%;3%;2%;2%;1%;14%;1%;-0%;6%;3%;3%;2%;12%;3%;4%;3%;3%;2%;3%;3%;3%;3%;3%;3%;3%;3%;3%;3%;2%;3%;3%;3%;3%;3%;3%;3%;3%;3%;3%;-3%;2%;8%;3%;13%;1%;-1%;3%;3%;3%;11%;5%;3%;3%;3%;3%;3%;3%;2%;1%;2%;8%;3%;3%;3%;3%;2%;6%;12%;8%;;;;;;;;;;;;;;;;;;;;;;;;;;;;;;;;;;;;;;;;;;;;;;;;;;;;;;;;;
1844;4%;2%;2%;2%;3%;2%;6%;11%;7%;0%;3%;2%;2%;1%;14%;1%;-0%;6%;3%;3%;2%;12%;3%;4%;3%;3%;2%;3%;3%;3%;3%;3%;3%;3%;3%;3%;3%;2%;3%;3%;3%;3%;3%;3%;3%;3%;3%;3%;-3%;2%;8%;3%;13%;1%;-1%;3%;3%;3%;11%;5%;3%;3%;3%;3%;3%;3%;2%;1%;2%;8%;3%;3%;3%;3%;2%;6%;12%;8%;;;;;;;;;;;;;;;;;;;;;;;;;;;;;;;;;;;;;;;;;;;;;;;;;;;;;;;;;
1845;4%;2%;2%;2%;3%;2%;6%;11%;7%;0%;3%;2%;2%;1%;14%;1%;-0%;6%;3%;3%;2%;12%;3%;4%;3%;3%;2%;3%;3%;3%;3%;3%;3%;3%;3%;3%;3%;2%;3%;3%;3%;3%;3%;3%;3%;3%;3%;3%;-3%;2%;8%;3%;13%;1%;-1%;3%;3%;3%;11%;5%;3%;3%;3%;3%;3%;3%;2%;1%;2%;8%;3%;3%;3%;3%;2%;6%;12%;8%;;;;;;;;;;;;;;;;;;;;;;;;;;;;;;;;;;;;;;;;;;;;;;;;;;;;;;;;;
1846;4%;2%;2%;2%;3%;2%;6%;11%;7%;0%;3%;2%;2%;1%;14%;1%;-0%;6%;3%;3%;2%;12%;3%;3%;3%;3%;2%;3%;3%;3%;3%;3%;3%;3%;3%;3%;3%;2%;3%;3%;3%;3%;3%;3%;3%;3%;3%;3%;-3%;2%;8%;3%;13%;1%;-1%;3%;3%;3%;11%;5%;3%;3%;3%;3%;3%;3%;2%;1%;2%;8%;3%;3%;3%;3%;2%;6%;12%;8%;;;;;;;;;;;;;;;;;;;;;;;;;;;;;;;;;;;;;;;;;;;;;;;;;;;;;;;;;
1847;4%;2%;2%;2%;3%;2%;6%;11%;7%;0%;3%;2%;2%;1%;14%;1%;-0%;6%;3%;3%;2%;12%;3%;3%;3%;3%;2%;3%;3%;3%;3%;3%;3%;3%;3%;3%;3%;2%;3%;3%;3%;3%;3%;3%;3%;3%;3%;3%;-3%;2%;8%;3%;13%;1%;-1%;3%;3%;3%;11%;5%;3%;3%;3%;3%;3%;3%;2%;1%;2%;8%;3%;3%;3%;3%;2%;6%;12%;8%;;;;;;;;;;;;;;;;;;;;;;;;;;;;;;;;;;;;;;;;;;;;;;;;;;;;;;;;;
1848;4%;2%;2%;2%;3%;2%;6%;11%;7%;0%;3%;2%;2%;1%;14%;1%;-0%;6%;3%;3%;2%;12%;3%;3%;3%;3%;2%;3%;3%;3%;3%;3%;3%;3%;3%;3%;3%;2%;3%;3%;3%;3%;3%;3%;3%;3%;3%;3%;-3%;2%;8%;3%;13%;1%;-1%;3%;3%;3%;11%;5%;3%;3%;3%;3%;3%;3%;2%;1%;2%;8%;3%;3%;3%;3%;2%;6%;12%;8%;;;;;;;;;;;;;;;;;;;;;;;;;;;;;;;;;;;;;;;;;;;;;;;;;;;;;;;;;
1849;4%;2%;2%;2%;3%;2%;6%;11%;7%;0%;3%;2%;2%;1%;14%;1%;-0%;6%;3%;3%;2%;12%;3%;3%;3%;3%;2%;3%;3%;3%;3%;3%;3%;3%;3%;3%;3%;2%;3%;3%;3%;3%;3%;3%;3%;3%;3%;3%;-3%;2%;8%;3%;13%;1%;-1%;3%;3%;3%;11%;5%;3%;3%;3%;3%;3%;3%;2%;1%;2%;8%;3%;3%;3%;3%;2%;6%;12%;8%;;;;;;;;;;;;;;;;;;;;;;;;;;;;;;;;;;;;;;;;;;;;;;;;;;;;;;;;;
1850;4%;2%;2%;2%;3%;2%;6%;11%;7%;0%;3%;2%;2%;1%;14%;1%;-0%;6%;3%;3%;2%;12%;3%;3%;3%;3%;2%;3%;3%;3%;3%;3%;3%;3%;3%;3%;3%;2%;3%;3%;3%;3%;3%;3%;3%;3%;3%;3%;-3%;2%;8%;3%;13%;1%;-1%;3%;3%;3%;11%;5%;3%;3%;3%;3%;3%;3%;2%;1%;2%;8%;3%;3%;3%;3%;2%;6%;12%;8%;;;;;;;;;;;;;;;;;;;;;;;;;;;;;;;;;;;;;;;;;;;;;;;;;;;;;;;;;
1851;4%;2%;2%;2%;3%;2%;6%;11%;7%;0%;3%;2%;2%;1%;14%;1%;-0%;6%;3%;3%;2%;12%;3%;3%;3%;3%;2%;3%;3%;3%;3%;3%;3%;3%;3%;3%;3%;2%;3%;3%;3%;3%;3%;3%;3%;3%;3%;3%;-3%;2%;8%;3%;13%;1%;-1%;3%;3%;3%;11%;5%;3%;3%;3%;3%;3%;3%;2%;1%;2%;8%;3%;3%;3%;3%;2%;6%;12%;8%;;;;;;;;;;;;;;;;;;;;;;;;;;;;;;;;;;;;;;;;;;;;;;;;;;;;;;;;;
1852;4%;2%;2%;2%;3%;2%;6%;11%;7%;0%;3%;2%;2%;1%;14%;1%;-0%;6%;3%;3%;2%;12%;3%;3%;3%;3%;2%;3%;3%;3%;3%;3%;3%;3%;3%;3%;3%;2%;3%;3%;3%;3%;3%;3%;3%;3%;3%;3%;-3%;2%;8%;3%;13%;1%;-1%;3%;3%;3%;11%;5%;3%;3%;3%;3%;3%;3%;2%;1%;2%;8%;3%;3%;3%;3%;2%;6%;12%;8%;;;;;;;;;;;;;;;;;;;;;;;;;;;;;;;;;;;;;;;;;;;;;;;;;;;;;;;;;
1853;4%;2%;2%;2%;3%;2%;6%;11%;7%;0%;3%;2%;2%;1%;14%;1%;-0%;6%;3%;3%;2%;12%;3%;3%;3%;3%;2%;3%;3%;3%;3%;3%;3%;3%;3%;3%;3%;2%;3%;3%;3%;3%;3%;3%;3%;3%;3%;3%;-3%;2%;8%;3%;13%;1%;-1%;3%;3%;3%;11%;5%;3%;3%;3%;3%;3%;3%;2%;1%;2%;8%;3%;3%;3%;3%;2%;6%;12%;8%;;;;;;;;;;;;;;;;;;;;;;;;;;;;;;;;;;;;;;;;;;;;;;;;;;;;;;;;;
1854;4%;2%;2%;2%;3%;2%;6%;11%;7%;0%;3%;2%;2%;1%;14%;1%;-0%;6%;3%;3%;2%;12%;3%;3%;3%;3%;2%;3%;3%;3%;3%;3%;3%;3%;3%;3%;3%;2%;3%;3%;3%;3%;3%;3%;3%;3%;3%;3%;-3%;2%;8%;3%;13%;1%;-1%;3%;3%;3%;11%;5%;3%;3%;3%;3%;3%;3%;2%;1%;2%;8%;3%;3%;3%;3%;2%;6%;12%;8%;;;;;;;;;;;;;;;;;;;;;;;;;;;;;;;;;;;;;;;;;;;;;;;;;;;;;;;;;
1855;4%;2%;2%;2%;3%;2%;6%;11%;7%;0%;3%;2%;2%;1%;14%;1%;-0%;6%;3%;3%;2%;12%;3%;3%;3%;3%;2%;3%;3%;3%;3%;3%;3%;3%;3%;3%;3%;2%;3%;3%;3%;3%;3%;3%;3%;3%;3%;3%;-3%;1%;8%;3%;13%;1%;-1%;3%;3%;3%;11%;5%;3%;3%;3%;3%;3%;3%;2%;1%;2%;8%;3%;3%;3%;3%;2%;6%;12%;8%;;;;;;;;;;;;;;;;;;;;;;;;;;;;;;;;;;;;;;;;;;;;;;;;;;;;;;;;;
1856;4%;2%;2%;2%;3%;2%;6%;11%;7%;0%;3%;2%;2%;1%;14%;1%;-0%;6%;3%;3%;2%;12%;3%;3%;3%;3%;2%;3%;3%;3%;3%;3%;3%;3%;3%;3%;3%;2%;3%;3%;3%;3%;3%;3%;3%;3%;3%;3%;-3%;1%;8%;3%;13%;1%;-1%;3%;3%;3%;11%;5%;3%;3%;3%;3%;3%;3%;2%;1%;2%;8%;3%;3%;3%;3%;2%;6%;12%;8%;;;;;;;;;;;;;;;;;;;;;;;;;;;;;;;;;;;;;;;;;;;;;;;;;;;;;;;;;
1857;4%;2%;2%;2%;3%;2%;6%;11%;7%;0%;3%;2%;2%;1%;14%;1%;-0%;5%;3%;3%;2%;12%;3%;3%;3%;3%;2%;3%;3%;3%;3%;3%;3%;3%;3%;3%;3%;2%;3%;3%;3%;3%;3%;3%;3%;3%;3%;3%;-3%;1%;8%;3%;13%;1%;-1%;3%;3%;3%;11%;5%;3%;3%;3%;3%;3%;3%;2%;1%;2%;8%;3%;3%;3%;3%;2%;6%;12%;8%;;;;;;;;;;;;;;;;;;;;;;;;;;;;;;;;;;;;;;;;;;;;;;;;;;;;;;;;;
1858;4%;2%;2%;2%;3%;2%;6%;11%;7%;0%;3%;3%;2%;1%;14%;1%;-0%;5%;3%;3%;2%;12%;3%;3%;3%;3%;2%;3%;3%;3%;3%;3%;3%;3%;3%;3%;3%;2%;3%;3%;3%;3%;3%;3%;3%;3%;3%;3%;-3%;1%;8%;3%;13%;1%;-1%;3%;3%;3%;11%;5%;3%;3%;3%;3%;3%;3%;2%;1%;2%;8%;3%;3%;3%;3%;2%;6%;12%;8%;;;;;;;;;;;;;;;;;;;;;;;;;;;;;;;;;;;;;;;;;;;;;;;;;;;;;;;;;
1859;4%;2%;2%;2%;3%;2%;6%;11%;7%;0%;3%;3%;2%;1%;14%;1%;-0%;5%;3%;3%;2%;12%;3%;3%;3%;3%;2%;3%;3%;3%;3%;3%;3%;3%;3%;3%;3%;2%;3%;3%;3%;3%;3%;3%;3%;3%;3%;3%;-3%;1%;8%;3%;13%;1%;-1%;3%;3%;3%;11%;5%;3%;3%;3%;3%;3%;3%;2%;1%;2%;8%;3%;3%;3%;3%;2%;6%;12%;8%;;;;;;;;;;;;;;;;;;;;;;;;;;;;;;;;;;;;;;;;;;;;;;;;;;;;;;;;;
1860;4%;2%;2%;2%;3%;2%;6%;11%;7%;0%;3%;3%;2%;1%;14%;1%;-0%;5%;3%;3%;2%;12%;3%;4%;3%;3%;2%;3%;3%;3%;3%;3%;3%;3%;3%;3%;3%;2%;3%;3%;3%;3%;3%;3%;3%;3%;3%;3%;-3%;1%;8%;3%;13%;1%;-1%;3%;3%;3%;11%;5%;3%;3%;3%;3%;3%;3%;2%;1%;2%;8%;3%;3%;3%;3%;2%;6%;12%;8%;;;;;;;;;;;;;;;;;;;;;;;;;;;;;;;;;;;;;;;;;;;;;;;;;;;;;;;;;
1861;4%;2%;2%;2%;3%;2%;6%;11%;7%;0%;3%;3%;2%;1%;14%;1%;-0%;5%;3%;3%;2%;12%;3%;4%;3%;3%;2%;3%;3%;3%;3%;3%;3%;3%;3%;3%;3%;2%;3%;3%;3%;3%;3%;3%;3%;3%;3%;3%;-3%;1%;8%;3%;13%;1%;-1%;3%;3%;3%;11%;5%;3%;3%;3%;3%;3%;3%;2%;1%;2%;8%;3%;3%;3%;3%;2%;6%;12%;8%;;;;;;;;;;;;;;;;;;;;;;;;;;;;;;;;;;;;;;;;;;;;;;;;;;;;;;;;;
1862;4%;2%;2%;2%;3%;2%;6%;11%;7%;0%;3%;3%;2%;1%;14%;1%;-0%;5%;3%;3%;2%;12%;3%;4%;3%;3%;2%;3%;3%;3%;3%;3%;3%;3%;3%;3%;3%;2%;3%;3%;3%;3%;3%;3%;3%;3%;3%;3%;-3%;1%;8%;3%;13%;1%;-1%;3%;3%;3%;11%;5%;3%;3%;3%;3%;3%;3%;2%;1%;2%;8%;3%;3%;3%;3%;2%;6%;12%;8%;;;;;;;;;;;;;;;;;;;;;;;;;;;;;;;;;;;;;;;;;;;;;;;;;;;;;;;;;
1863;4%;2%;2%;2%;3%;2%;6%;11%;7%;0%;3%;3%;2%;1%;14%;1%;-0%;5%;3%;3%;2%;12%;3%;4%;3%;3%;2%;3%;3%;3%;3%;3%;3%;3%;3%;3%;3%;2%;3%;3%;3%;3%;3%;3%;3%;3%;3%;3%;-3%;1%;8%;3%;13%;1%;-1%;3%;3%;3%;11%;5%;3%;3%;3%;3%;3%;3%;2%;1%;2%;8%;3%;3%;3%;3%;2%;6%;12%;8%;;;;;;;;;;;;;;;;;;;;;;;;;;;;;;;;;;;;;;;;;;;;;;;;;;;;;;;;;
1864;4%;2%;2%;2%;3%;1%;6%;11%;8%;0%;3%;3%;2%;1%;14%;1%;-0%;5%;3%;3%;2%;12%;3%;4%;3%;3%;2%;3%;3%;3%;3%;3%;3%;3%;3%;3%;3%;2%;3%;3%;3%;3%;3%;3%;3%;3%;3%;3%;-3%;1%;8%;3%;13%;1%;-1%;3%;3%;3%;11%;5%;3%;3%;3%;3%;3%;3%;2%;1%;2%;7%;3%;3%;3%;3%;2%;6%;12%;8%;;;;;;;;;;;;;;;;;;;;;;;;;;;;;;;;;;;;;;;;;;;;;;;;;;;;;;;;;
1865;3%;2%;2%;2%;3%;2%;6%;11%;7%;0%;3%;3%;2%;1%;14%;1%;-0%;4%;3%;3%;2%;12%;3%;4%;3%;3%;2%;3%;3%;3%;3%;3%;3%;3%;3%;3%;3%;2%;3%;3%;3%;3%;3%;3%;3%;3%;3%;3%;-3%;1%;8%;3%;13%;1%;-1%;3%;3%;3%;11%;5%;3%;3%;3%;3%;3%;3%;2%;1%;2%;7%;3%;3%;3%;3%;2%;6%;12%;8%;;;;;;;;;;;;;;;;;;;;;;;;;;;;;;;;;;;;;;;;;;;;;;;;;;;;;;;;;
1866;3%;2%;2%;2%;3%;2%;6%;11%;7%;0%;3%;3%;2%;1%;14%;1%;-0%;4%;3%;3%;2%;12%;3%;4%;3%;3%;2%;3%;3%;3%;3%;3%;3%;3%;3%;3%;3%;2%;3%;3%;3%;3%;3%;3%;3%;3%;3%;3%;-3%;1%;8%;3%;13%;1%;-1%;3%;3%;3%;11%;5%;3%;3%;3%;3%;3%;3%;2%;1%;2%;7%;3%;3%;3%;3%;2%;6%;12%;8%;;;;;;;;;;;;;;;;;;;;;;;;;;;;;;;;;;;;;;;;;;;;;;;;;;;;;;;;;
1867;3%;2%;2%;2%;3%;1%;6%;11%;7%;0%;3%;3%;2%;1%;14%;1%;-0%;4%;3%;3%;2%;12%;3%;4%;3%;3%;2%;3%;3%;3%;3%;3%;3%;3%;3%;3%;3%;2%;3%;3%;3%;3%;3%;3%;3%;3%;3%;3%;-3%;1%;8%;3%;13%;1%;-1%;3%;3%;3%;11%;5%;3%;3%;3%;3%;3%;3%;2%;1%;2%;7%;3%;3%;3%;3%;2%;6%;12%;8%;;;;;;;;;;;;;;;;;;;;;;;;;;;;;;;;;;;;;;;;;;;;;;;;;;;;;;;;;
1868;3%;2%;3%;2%;3%;1%;6%;11%;7%;0%;3%;3%;2%;1%;14%;1%;-0%;4%;3%;3%;2%;12%;3%;4%;3%;3%;2%;3%;3%;3%;3%;3%;3%;3%;3%;3%;3%;2%;3%;3%;3%;3%;3%;3%;3%;3%;3%;3%;-3%;1%;8%;3%;13%;1%;-1%;3%;3%;3%;11%;5%;3%;3%;3%;3%;3%;3%;1%;1%;2%;7%;3%;3%;3%;3%;2%;6%;12%;8%;;;;;;;;;;;;;;;;;;;;;;;;;;;;;;;;;;;;;;;;;;;;;;;;;;;;;;;;;
1869;3%;2%;3%;2%;3%;1%;6%;11%;7%;0%;3%;3%;2%;1%;14%;1%;-0%;4%;3%;3%;2%;12%;3%;4%;3%;3%;2%;3%;3%;3%;3%;3%;3%;3%;3%;3%;3%;2%;3%;3%;3%;3%;3%;3%;3%;3%;3%;3%;-3%;1%;8%;3%;13%;1%;-1%;3%;3%;3%;11%;5%;3%;3%;3%;3%;3%;3%;1%;1%;2%;7%;3%;3%;3%;3%;2%;6%;12%;8%;;;;;;;;;;;;;;;;;;;;;;;;;;;;;;;;;;;;;;;;;;;;;;;;;;;;;;;;;
1870;3%;2%;3%;2%;3%;1%;6%;11%;7%;0%;3%;3%;2%;1%;14%;1%;-0%;4%;3%;3%;2%;12%;3%;4%;3%;3%;2%;3%;3%;3%;3%;3%;3%;3%;3%;3%;3%;2%;3%;3%;3%;3%;3%;3%;3%;3%;3%;3%;-3%;1%;8%;3%;13%;1%;-1%;3%;3%;3%;11%;5%;3%;3%;3%;3%;3%;3%;1%;1%;2%;7%;3%;3%;3%;3%;2%;6%;12%;8%;;;;;;;;;;;;;;;;;;;;;;;;;;;;;;;;;;;;;;;;;;;;;;;;;;;;;;;;;
1871;3%;2%;3%;2%;3%;1%;6%;11%;7%;0%;3%;3%;2%;1%;14%;1%;-0%;4%;3%;3%;2%;12%;3%;4%;3%;3%;2%;3%;3%;3%;3%;3%;3%;3%;3%;3%;3%;2%;3%;3%;3%;3%;3%;3%;3%;3%;3%;3%;-3%;1%;8%;3%;13%;1%;-1%;3%;3%;3%;11%;5%;3%;3%;3%;3%;3%;3%;1%;1%;2%;7%;3%;3%;3%;3%;2%;6%;12%;8%;;;;;;;;;;;;;;;;;;;;;;;;;;;;;;;;;;;;;;;;;;;;;;;;;;;;;;;;;
1872;3%;2%;3%;2%;3%;1%;6%;11%;7%;0%;3%;3%;2%;1%;14%;1%;-0%;4%;3%;3%;2%;12%;3%;4%;3%;3%;2%;3%;3%;3%;3%;3%;3%;3%;3%;3%;3%;2%;3%;3%;3%;3%;3%;3%;3%;3%;3%;3%;-3%;1%;8%;3%;13%;1%;-2%;3%;3%;3%;11%;5%;3%;3%;3%;3%;3%;3%;1%;1%;2%;7%;3%;3%;3%;3%;2%;6%;12%;8%;;;;;;;;;;;;;;;;;;;;;;;;;;;;;;;;;;;;;;;;;;;;;;;;;;;;;;;;;
1873;3%;2%;3%;2%;3%;1%;6%;11%;7%;0%;3%;3%;2%;1%;14%;1%;-0%;3%;3%;3%;3%;12%;3%;4%;3%;3%;2%;3%;3%;3%;3%;3%;3%;3%;3%;3%;3%;2%;3%;3%;3%;3%;3%;3%;3%;3%;3%;3%;-3%;1%;8%;3%;13%;1%;-2%;3%;3%;3%;11%;5%;3%;3%;3%;3%;3%;3%;1%;1%;2%;7%;3%;3%;3%;3%;2%;6%;12%;8%;;;;;;;;;;;;;;;;;;;;;;;;;;;;;;;;;;;;;;;;;;;;;;;;;;;;;;;;;
1874;3%;2%;3%;2%;3%;1%;6%;11%;7%;0%;3%;3%;2%;1%;14%;1%;-0%;4%;3%;3%;3%;12%;3%;4%;3%;3%;2%;3%;3%;3%;3%;3%;3%;3%;3%;3%;3%;2%;3%;3%;3%;3%;3%;3%;3%;3%;3%;3%;-3%;1%;8%;3%;13%;1%;-2%;3%;3%;3%;11%;5%;3%;3%;3%;3%;3%;3%;2%;1%;2%;7%;3%;3%;3%;3%;2%;6%;12%;8%;;;;;;;;;;;;;;;;;;;;;;;;;;;;;;;;;;;;;;;;;;;;;;;;;;;;;;;;;
1875;3%;2%;3%;2%;3%;1%;6%;11%;7%;0%;3%;3%;2%;1%;14%;1%;-0%;4%;3%;3%;3%;12%;3%;4%;3%;3%;2%;3%;3%;3%;3%;3%;3%;3%;3%;3%;3%;2%;3%;3%;3%;3%;3%;3%;3%;3%;3%;3%;-3%;1%;8%;3%;13%;1%;-2%;3%;3%;3%;11%;5%;3%;3%;3%;3%;3%;3%;2%;1%;2%;7%;3%;3%;3%;3%;2%;6%;12%;8%;;;;;;;;;;;;;;;;;;;;;;;;;;;;;;;;;;;;;;;;;;;;;;;;;;;;;;;;;
1876;3%;2%;3%;2%;3%;1%;6%;11%;7%;0%;3%;3%;2%;1%;14%;1%;-0%;4%;3%;3%;3%;12%;3%;4%;3%;3%;2%;3%;3%;3%;3%;3%;3%;3%;3%;3%;3%;2%;3%;3%;3%;3%;3%;3%;3%;3%;3%;3%;-3%;1%;8%;3%;13%;1%;-2%;3%;3%;3%;11%;5%;3%;3%;3%;3%;3%;3%;2%;1%;2%;7%;3%;3%;3%;3%;2%;6%;11%;8%;;;;;;;;;;;;;;;;;;;;;;;;;;;;;;;;;;;;;;;;;;;;;;;;;;;;;;;;;
1877;3%;2%;3%;2%;3%;1%;6%;10%;7%;0%;3%;3%;2%;1%;14%;1%;-0%;4%;3%;3%;3%;12%;3%;4%;3%;3%;2%;3%;3%;3%;3%;3%;3%;3%;3%;3%;3%;2%;3%;3%;3%;3%;3%;3%;3%;3%;3%;3%;-3%;1%;8%;3%;13%;1%;-2%;3%;3%;3%;11%;5%;3%;3%;3%;3%;3%;3%;2%;1%;2%;7%;3%;3%;3%;3%;2%;6%;11%;8%;;;;;;;;;;;;;;;;;;;;;;;;;;;;;;;;;;;;;;;;;;;;;;;;;;;;;;;;;
1878;3%;2%;3%;2%;3%;1%;6%;10%;7%;0%;3%;3%;2%;1%;14%;1%;-0%;4%;3%;3%;3%;12%;3%;4%;3%;3%;2%;3%;3%;3%;3%;3%;3%;3%;3%;3%;3%;2%;3%;3%;3%;3%;3%;3%;3%;3%;3%;3%;-3%;1%;8%;3%;13%;1%;-2%;3%;3%;3%;11%;5%;3%;3%;3%;3%;3%;3%;2%;1%;2%;7%;3%;3%;3%;3%;2%;6%;11%;8%;;;;;;;;;;;;;;;;;;;;;;;;;;;;;;;;;;;;;;;;;;;;;;;;;;;;;;;;;
1879;3%;2%;3%;2%;3%;1%;6%;10%;7%;0%;3%;3%;2%;1%;14%;1%;-0%;4%;3%;3%;3%;12%;3%;4%;3%;3%;2%;3%;3%;3%;3%;3%;3%;3%;3%;3%;3%;2%;3%;3%;3%;3%;3%;3%;3%;3%;3%;3%;-3%;1%;8%;3%;13%;1%;-2%;3%;3%;3%;11%;5%;3%;3%;3%;3%;3%;3%;1%;1%;2%;7%;3%;3%;3%;3%;2%;6%;11%;8%;;;;;;;;;;;;;;;;;;;;;;;;;;;;;;;;;;;;;;;;;;;;;;;;;;;;;;;;;
1880;3%;2%;3%;2%;3%;1%;6%;11%;7%;0%;3%;3%;2%;1%;14%;1%;-0%;4%;3%;3%;3%;12%;3%;4%;3%;3%;2%;3%;3%;3%;3%;3%;3%;3%;3%;3%;3%;2%;3%;3%;3%;3%;3%;3%;3%;3%;3%;3%;-3%;1%;8%;3%;13%;1%;-2%;3%;3%;3%;11%;5%;3%;3%;3%;3%;3%;3%;1%;1%;2%;7%;3%;3%;3%;3%;2%;6%;11%;8%;;;;;;;;;;;;;;;;;;;;;;;;;;;;;;;;;;;;;;;;;;;;;;;;;;;;;;;;;
1881;3%;2%;3%;2%;3%;1%;6%;11%;7%;0%;3%;3%;2%;1%;14%;1%;-0%;4%;3%;3%;3%;12%;3%;4%;3%;3%;2%;3%;3%;3%;3%;3%;3%;3%;3%;3%;3%;2%;3%;3%;3%;3%;3%;3%;3%;3%;3%;3%;-3%;1%;8%;3%;13%;1%;-2%;3%;3%;3%;11%;5%;3%;3%;3%;3%;3%;3%;1%;1%;2%;7%;3%;3%;3%;3%;2%;6%;11%;8%;;;;;;;;;;;;;;;;;;;;;;;;;;;;;;;;;;;;;;;;;;;;;;;;;;;;;;;;;
1882;3%;2%;3%;2%;3%;1%;6%;11%;7%;0%;3%;2%;2%;1%;14%;1%;-0%;4%;3%;3%;3%;12%;3%;3%;3%;3%;2%;3%;3%;3%;3%;3%;3%;3%;3%;3%;3%;2%;3%;3%;3%;3%;3%;3%;3%;3%;3%;3%;-3%;1%;8%;3%;13%;1%;-2%;3%;3%;3%;11%;5%;3%;3%;3%;3%;3%;3%;1%;1%;2%;7%;3%;3%;3%;3%;2%;6%;11%;8%;;;;;;;;;;;;;;;;;;;;;;;;;;;;;;;;;;;;;;;;;;;;;;;;;;;;;;;;;
1883;3%;2%;3%;2%;3%;1%;6%;11%;7%;0%;3%;2%;2%;1%;14%;1%;-0%;4%;3%;3%;3%;12%;3%;3%;3%;3%;2%;3%;3%;3%;3%;3%;3%;3%;3%;3%;3%;2%;3%;3%;3%;3%;3%;3%;3%;3%;3%;3%;-3%;1%;8%;3%;13%;1%;-2%;3%;3%;3%;11%;5%;3%;3%;3%;3%;3%;3%;1%;1%;2%;7%;3%;3%;3%;3%;2%;6%;11%;8%;;;;;;;;;;;;;;;;;;;;;;;;;;;;;;;;;;;;;;;;;;;;;;;;;;;;;;;;;
1884;3%;2%;3%;2%;2%;1%;6%;10%;7%;0%;3%;2%;2%;1%;14%;1%;-0%;4%;3%;3%;3%;12%;3%;3%;3%;3%;2%;3%;3%;3%;3%;3%;3%;3%;3%;3%;3%;2%;3%;3%;3%;3%;3%;3%;3%;3%;3%;3%;-3%;1%;8%;3%;13%;1%;-2%;3%;3%;3%;11%;5%;3%;3%;3%;3%;3%;3%;1%;1%;2%;7%;3%;3%;3%;3%;2%;6%;11%;8%;;;;;;;;;;;;;;;;;;;;;;;;;;;;;;;;;;;;;;;;;;;;;;;;;;;;;;;;;
1885;3%;2%;3%;2%;2%;2%;6%;10%;7%;0%;3%;2%;2%;1%;14%;1%;-0%;4%;3%;3%;3%;12%;3%;3%;3%;3%;2%;3%;3%;3%;3%;3%;3%;3%;3%;3%;3%;2%;3%;3%;3%;3%;3%;3%;3%;3%;3%;3%;-3%;1%;8%;3%;13%;1%;-2%;3%;3%;3%;11%;5%;3%;3%;3%;3%;3%;3%;1%;1%;2%;7%;3%;3%;3%;3%;2%;6%;11%;8%;;;;;;;;;;;;;;;;;;;;;;;;;;;;;;;;;;;;;;;;;;;;;;;;;;;;;;;;;
1886;3%;2%;3%;2%;2%;1%;6%;10%;7%;0%;3%;2%;2%;1%;14%;1%;-0%;4%;3%;3%;3%;12%;3%;3%;3%;3%;2%;3%;3%;3%;3%;3%;3%;3%;3%;3%;3%;2%;3%;3%;3%;3%;3%;3%;3%;3%;3%;3%;-3%;1%;8%;3%;13%;1%;-2%;3%;3%;3%;11%;5%;3%;3%;3%;3%;3%;3%;1%;1%;2%;7%;3%;3%;3%;3%;2%;6%;11%;8%;;;;;;;;;;;;;;;;;;;;;;;;;;;;;;;;;;;;;;;;;;;;;;;;;;;;;;;;;
1887;3%;2%;3%;2%;2%;1%;6%;10%;7%;0%;3%;2%;2%;1%;14%;1%;-0%;4%;3%;3%;3%;12%;3%;3%;3%;3%;2%;3%;3%;3%;3%;3%;3%;3%;3%;3%;3%;2%;3%;3%;3%;3%;3%;3%;3%;3%;3%;3%;-3%;1%;8%;3%;13%;1%;-2%;3%;3%;3%;11%;5%;3%;3%;3%;3%;3%;3%;1%;1%;2%;7%;3%;3%;3%;3%;2%;6%;11%;8%;;;;;;;;;;;;;;;;;;;;;;;;;;;;;;;;;;;;;;;;;;;;;;;;;;;;;;;;;
1888;3%;2%;3%;2%;2%;1%;6%;10%;7%;0%;3%;2%;2%;1%;14%;1%;-0%;4%;3%;3%;3%;12%;3%;3%;3%;3%;2%;3%;3%;3%;3%;3%;3%;3%;3%;3%;3%;2%;3%;3%;3%;3%;3%;3%;3%;3%;3%;3%;-3%;1%;8%;3%;13%;1%;-2%;3%;3%;3%;11%;5%;3%;3%;3%;3%;3%;3%;1%;1%;2%;7%;3%;3%;3%;3%;2%;6%;11%;8%;;;;;;;;;;;;;;;;;;;;;;;;;;;;;;;;;;;;;;;;;;;;;;;;;;;;;;;;;
1889;3%;2%;3%;2%;2%;1%;6%;10%;7%;0%;3%;2%;2%;1%;14%;1%;-0%;4%;3%;3%;3%;12%;3%;3%;3%;3%;2%;3%;3%;3%;3%;3%;3%;3%;3%;3%;3%;2%;3%;3%;3%;3%;3%;3%;3%;3%;3%;3%;-3%;1%;8%;3%;13%;1%;-2%;3%;3%;3%;11%;5%;3%;3%;3%;3%;3%;3%;1%;1%;2%;7%;3%;3%;3%;3%;2%;6%;11%;8%;;;;;;;;;;;;;;;;;;;;;;;;;;;;;;;;;;;;;;;;;;;;;;;;;;;;;;;;;
1890;3%;1%;3%;2%;2%;1%;6%;10%;8%;0%;3%;2%;2%;1%;14%;1%;-0%;4%;3%;3%;3%;12%;3%;3%;3%;3%;2%;3%;3%;3%;3%;3%;3%;3%;3%;3%;3%;2%;3%;3%;3%;3%;3%;3%;3%;3%;3%;3%;-3%;1%;8%;3%;13%;1%;-2%;3%;3%;3%;11%;5%;3%;3%;3%;3%;3%;3%;1%;1%;2%;7%;3%;3%;3%;3%;2%;6%;11%;8%;;;;;;;;;;;;;;;;;;;;;;;;;;;;;;;;;;;;;;;;;;;;;;;;;;;;;;;;;
1891;3%;1%;3%;2%;2%;1%;6%;10%;7%;0%;3%;2%;2%;1%;14%;1%;-0%;4%;3%;3%;3%;12%;3%;3%;3%;3%;2%;3%;3%;3%;3%;3%;3%;3%;3%;3%;3%;2%;3%;3%;3%;3%;3%;3%;3%;3%;3%;3%;-3%;1%;8%;3%;13%;1%;-2%;3%;3%;3%;11%;5%;3%;3%;3%;3%;3%;3%;1%;1%;2%;7%;3%;3%;3%;3%;2%;6%;11%;8%;;;;;;;;;;;;;;;;;;;;;;;;;;;;;;;;;;;;;;;;;;;;;;;;;;;;;;;;;
1892;3%;1%;3%;2%;2%;1%;6%;10%;7%;0%;3%;2%;2%;1%;14%;1%;-0%;4%;2%;3%;3%;12%;3%;3%;3%;3%;2%;3%;3%;3%;3%;3%;3%;2%;3%;3%;3%;2%;3%;3%;3%;3%;3%;3%;3%;3%;3%;3%;-3%;1%;8%;3%;13%;1%;-2%;3%;3%;3%;11%;5%;3%;3%;3%;3%;3%;3%;1%;1%;2%;7%;3%;3%;3%;3%;2%;6%;11%;8%;;;;;;;;;;;;;;;;;;;;;;;;;;;;;;;;;;;;;;;;;;;;;;;;;;;;;;;;;
1893;3%;1%;3%;2%;2%;1%;6%;10%;7%;0%;3%;2%;2%;1%;14%;1%;-0%;4%;2%;3%;3%;12%;3%;3%;3%;3%;2%;3%;3%;3%;3%;3%;3%;2%;3%;3%;3%;2%;3%;3%;3%;3%;3%;3%;3%;3%;3%;3%;-3%;1%;8%;3%;13%;1%;-2%;3%;3%;3%;11%;5%;3%;3%;3%;3%;3%;3%;1%;1%;2%;7%;3%;3%;3%;3%;2%;6%;11%;8%;;;;;;;;;;;;;;;;;;;;;;;;;;;;;;;;;;;;;;;;;;;;;;;;;;;;;;;;;
1894;3%;1%;3%;2%;2%;1%;5%;10%;7%;0%;3%;2%;2%;1%;14%;1%;-0%;4%;2%;3%;3%;12%;3%;3%;3%;3%;1%;3%;3%;3%;3%;3%;3%;2%;3%;3%;3%;2%;3%;3%;3%;3%;3%;3%;3%;3%;3%;3%;-3%;1%;8%;3%;13%;1%;-2%;3%;3%;3%;11%;5%;3%;3%;3%;3%;3%;3%;1%;1%;2%;7%;3%;3%;3%;3%;2%;6%;11%;8%;;;;;;;;;;;;;;;;;;;;;;;;;;;;;;;;;;;;;;;;;;;;;;;;;;;;;;;;;
1895;3%;1%;3%;2%;2%;1%;5%;10%;7%;0%;3%;2%;2%;1%;14%;1%;-0%;4%;2%;3%;3%;12%;3%;3%;3%;3%;1%;3%;3%;3%;3%;3%;3%;2%;3%;3%;3%;2%;3%;3%;3%;3%;3%;3%;3%;3%;3%;3%;-3%;1%;8%;3%;13%;1%;-2%;3%;3%;3%;11%;5%;3%;3%;3%;3%;3%;3%;1%;1%;2%;7%;3%;3%;3%;2%;2%;6%;11%;8%;;;;;;;;;;;;;;;;;;;;;;;;;;;;;;;;;;;;;;;;;;;;;;;;;;;;;;;;;
1896;3%;1%;3%;2%;2%;1%;5%;10%;7%;1%;3%;2%;2%;1%;14%;1%;-0%;4%;2%;3%;3%;12%;3%;3%;3%;3%;1%;3%;3%;3%;3%;3%;3%;2%;3%;3%;3%;2%;3%;3%;3%;3%;3%;3%;3%;3%;3%;3%;-3%;1%;8%;3%;13%;1%;-2%;3%;3%;3%;11%;5%;3%;3%;3%;3%;3%;3%;1%;1%;2%;7%;3%;3%;3%;2%;2%;6%;11%;8%;;;;;;;;;;;;;;;;;;;;;;;;;;;;;;;;;;;;;;;;;;;;;;;;;;;;;;;;;
1897;3%;2%;3%;2%;2%;1%;5%;10%;7%;0%;3%;2%;2%;1%;14%;1%;-0%;4%;2%;3%;3%;12%;3%;3%;3%;3%;1%;3%;3%;3%;3%;3%;3%;2%;3%;3%;3%;2%;3%;3%;3%;3%;3%;3%;3%;3%;3%;3%;-3%;1%;8%;3%;13%;1%;-2%;3%;3%;3%;11%;5%;3%;3%;3%;3%;3%;3%;1%;1%;2%;7%;3%;3%;3%;2%;2%;6%;11%;8%;;;;;;;;;;;;;;;;;;;;;;;;;;;;;;;;;;;;;;;;;;;;;;;;;;;;;;;;;
1898;3%;1%;3%;2%;2%;1%;5%;10%;7%;0%;3%;2%;2%;1%;14%;1%;-0%;4%;2%;3%;2%;12%;3%;3%;3%;3%;1%;3%;3%;3%;3%;3%;3%;2%;3%;3%;3%;2%;2%;3%;3%;3%;3%;3%;3%;3%;3%;3%;-3%;1%;8%;3%;13%;1%;-2%;3%;3%;3%;11%;5%;3%;3%;3%;3%;3%;3%;1%;1%;2%;7%;3%;3%;3%;2%;2%;6%;11%;8%;;;;;;;;;;;;;;;;;;;;;;;;;;;;;;;;;;;;;;;;;;;;;;;;;;;;;;;;;
1899;3%;2%;3%;2%;2%;1%;5%;10%;7%;0%;3%;2%;2%;1%;14%;1%;-0%;4%;2%;3%;2%;12%;3%;3%;3%;3%;1%;3%;3%;3%;3%;3%;3%;2%;3%;3%;3%;2%;2%;3%;3%;3%;3%;3%;3%;3%;3%;3%;-3%;1%;8%;3%;13%;1%;-2%;3%;3%;3%;11%;5%;3%;3%;3%;3%;3%;3%;2%;1%;2%;7%;3%;3%;3%;2%;2%;6%;11%;8%;;;;;;;;;;;;;;;;;;;;;;;;;;;;;;;;;;;;;;;;;;;;;;;;;;;;;;;;;
1900;3%;2%;3%;2%;2%;1%;5%;10%;7%;1%;3%;2%;2%;1%;13%;1%;-0%;4%;2%;3%;2%;11%;3%;3%;3%;3%;1%;3%;3%;3%;3%;3%;3%;2%;3%;3%;3%;2%;2%;3%;3%;3%;3%;3%;3%;3%;3%;3%;-3%;1%;8%;3%;13%;1%;-2%;3%;3%;3%;11%;5%;3%;3%;3%;3%;3%;3%;1%;1%;2%;7%;3%;3%;3%;2%;2%;6%;11%;8%;;;;;;;;;;;;;;;;;;;;;;;;;;;;;;;;;;;;;;;;;;;;;;;;;;;;;;;;;
1901;3%;2%;3%;2%;2%;1%;5%;10%;7%;1%;3%;2%;2%;2%;13%;1%;-0%;4%;2%;3%;2%;11%;3%;3%;3%;3%;1%;3%;3%;3%;3%;3%;3%;2%;3%;3%;3%;2%;2%;3%;3%;3%;3%;3%;3%;3%;3%;3%;-3%;1%;8%;3%;13%;1%;-2%;3%;2%;3%;11%;5%;3%;3%;3%;3%;3%;3%;2%;1%;2%;7%;3%;3%;3%;2%;2%;6%;11%;8%;;;;;;;;;;;;;;;;;;;;;;;;;;;;;;;;;;;;;;;;;;;;;;;;;;;;;;;;;
1902;3%;2%;3%;2%;2%;1%;5%;10%;7%;1%;3%;2%;2%;1%;14%;1%;-0%;4%;2%;3%;2%;11%;3%;3%;3%;3%;1%;3%;3%;3%;3%;3%;3%;2%;3%;3%;3%;2%;2%;3%;3%;3%;3%;3%;3%;3%;3%;3%;-3%;1%;8%;3%;13%;1%;-2%;3%;2%;3%;11%;5%;3%;3%;3%;3%;3%;3%;1%;1%;2%;7%;3%;3%;3%;2%;2%;6%;11%;8%;;;;;;;;;;;;;;;;;;;;;;;;;;;;;;;;;;;;;;;;;;;;;;;;;;;;;;;;;
1903;3%;2%;3%;2%;2%;1%;5%;9%;7%;1%;3%;2%;2%;1%;14%;1%;-0%;4%;2%;3%;2%;11%;3%;3%;3%;3%;1%;3%;3%;3%;3%;3%;2%;2%;3%;3%;3%;2%;2%;3%;3%;3%;3%;3%;3%;3%;3%;3%;-3%;1%;8%;3%;13%;1%;-2%;3%;2%;3%;11%;5%;3%;3%;3%;3%;3%;3%;1%;1%;2%;7%;3%;3%;3%;2%;2%;6%;11%;8%;;;;;;;;;;;;;;;;;;;;;;;;;;;;;;;;;;;;;;;;;;;;;;;;;;;;;;;;;
1904;3%;1%;2%;2%;2%;1%;5%;9%;7%;1%;3%;2%;2%;1%;12%;1%;-0%;4%;3%;3%;2%;11%;3%;3%;3%;3%;1%;3%;3%;3%;3%;3%;2%;2%;3%;3%;3%;2%;2%;3%;3%;3%;3%;3%;3%;3%;3%;3%;-3%;1%;8%;3%;13%;1%;-2%;3%;2%;3%;11%;5%;3%;3%;3%;3%;3%;3%;1%;1%;2%;7%;3%;3%;3%;2%;2%;6%;11%;8%;;;;;;;;;;;;;;;;;;;;;;;;;;;;;;;;;;;;;;;;;;;;;;;;;;;;;;;;;
1905;3%;2%;2%;2%;2%;0%;5%;9%;7%;1%;3%;2%;2%;1%;12%;1%;-0%;4%;3%;3%;2%;11%;3%;3%;3%;3%;1%;3%;3%;3%;3%;3%;2%;2%;3%;3%;3%;2%;2%;3%;3%;3%;3%;3%;3%;3%;3%;3%;-4%;1%;8%;3%;12%;1%;-2%;3%;2%;3%;11%;5%;3%;3%;3%;3%;3%;3%;1%;1%;2%;6%;3%;3%;3%;2%;2%;6%;11%;8%;;;;;;;;;;;;;;;;;;;;;;;;;;;;;;;;;;;;;;;;;;;;;;;;;;;;;;;;;
1906;2%;2%;2%;2%;2%;0%;5%;9%;7%;1%;3%;2%;2%;2%;12%;1%;-0%;4%;3%;3%;2%;11%;3%;3%;3%;3%;1%;3%;3%;3%;3%;3%;2%;2%;3%;3%;3%;2%;2%;3%;3%;3%;3%;3%;3%;3%;3%;3%;-4%;1%;8%;3%;12%;1%;-2%;3%;2%;3%;11%;5%;3%;3%;3%;3%;3%;3%;2%;1%;2%;6%;3%;3%;2%;2%;2%;6%;11%;8%;;;;;;;;;;;;;;;;;;;;;;;;;;;;;;;;;;;;;;;;;;;;;;;;;;;;;;;;;
1907;2%;2%;2%;2%;2%;0%;5%;9%;7%;1%;3%;2%;2%;1%;14%;1%;-0%;3%;3%;3%;2%;11%;3%;3%;3%;3%;1%;3%;3%;3%;3%;2%;2%;2%;2%;2%;2%;2%;2%;3%;3%;3%;3%;3%;3%;3%;3%;3%;-4%;1%;8%;3%;12%;1%;-2%;3%;2%;3%;11%;5%;3%;3%;3%;3%;3%;3%;1%;1%;2%;6%;3%;3%;2%;2%;2%;6%;10%;8%;;;;;;;;;;;;;;;;;;;;;;;;;;;;;;;;;;;;;;;;;;;;;;;;;;;;;;;;;
1908;2%;2%;2%;2%;2%;0%;5%;8%;7%;1%;3%;3%;2%;1%;14%;1%;-0%;4%;3%;3%;2%;11%;3%;3%;3%;3%;1%;3%;3%;3%;3%;2%;2%;1%;2%;2%;2%;2%;2%;3%;3%;3%;3%;3%;3%;3%;3%;3%;-4%;1%;8%;3%;12%;1%;-2%;3%;1%;3%;11%;5%;3%;3%;3%;3%;3%;3%;1%;1%;2%;6%;3%;3%;2%;2%;1%;6%;10%;8%;;;;;;;;;;;;;;;;;;;;;;;;;;;;;;;;;;;;;;;;;;;;;;;;;;;;;;;;;
1909;2%;2%;2%;2%;1%;-0%;5%;8%;7%;1%;3%;3%;2%;1%;15%;1%;-0%;3%;3%;3%;2%;11%;3%;3%;3%;3%;1%;3%;3%;3%;3%;2%;1%;1%;2%;2%;2%;2%;1%;3%;3%;3%;3%;3%;3%;3%;3%;3%;-4%;1%;8%;3%;12%;1%;-2%;3%;1%;3%;11%;5%;3%;3%;3%;3%;3%;3%;1%;1%;1%;6%;3%;3%;2%;2%;1%;6%;10%;8%;;;;;;;;;;;;;;;;;;;;;;;;;;;;;;;;;;;;;;;;;;;;;;;;;;;;;;;;;
1910;2%;2%;2%;2%;1%;0%;5%;8%;7%;1%;3%;3%;2%;1%;12%;1%;-0%;1%;3%;3%;2%;11%;3%;3%;4%;3%;1%;3%;3%;3%;3%;2%;1%;1%;2%;2%;2%;2%;1%;3%;3%;3%;3%;3%;3%;3%;3%;3%;-4%;1%;8%;3%;12%;1%;-2%;3%;1%;4%;11%;5%;4%;4%;4%;4%;4%;4%;1%;1%;1%;6%;3%;3%;2%;2%;1%;6%;10%;8%;;;;;;;;;;;;;;;;;;;;;;;;;;;;;;;;;;;;;;;;;;;;;;;;;;;;;;;;;
1911;2%;2%;2%;2%;1%;0%;6%;8%;7%;1%;3%;3%;2%;1%;14%;1%;-0%;1%;3%;3%;2%;11%;3%;3%;3%;3%;1%;3%;3%;3%;3%;2%;1%;1%;2%;2%;2%;2%;1%;3%;3%;3%;3%;3%;3%;3%;3%;3%;-4%;1%;8%;3%;12%;1%;-2%;3%;1%;3%;11%;5%;3%;3%;3%;3%;3%;3%;1%;1%;1%;6%;3%;3%;2%;2%;1%;6%;10%;8%;;;;;;;;;;;;;;;;;;;;;;;;;;;;;;;;;;;;;;;;;;;;;;;;;;;;;;;;;
1912;2%;2%;2%;2%;1%;0%;6%;8%;7%;1%;3%;3%;2%;1%;12%;1%;-0%;1%;3%;3%;2%;11%;4%;3%;3%;3%;1%;3%;3%;3%;3%;2%;1%;1%;2%;2%;2%;2%;1%;3%;3%;3%;3%;3%;3%;3%;3%;3%;-4%;1%;8%;4%;12%;1%;-2%;3%;2%;3%;11%;5%;3%;3%;3%;3%;3%;3%;1%;1%;1%;6%;3%;3%;2%;2%;1%;6%;10%;8%;;;;;;;;;;;;;;;;;;;;;;;;;;;;;;;;;;;;;;;;;;;;;;;;;;;;;;;;;
1913;3%;2%;2%;2%;1%;0%;6%;9%;7%;1%;3%;3%;2%;1%;12%;1%;-0%;2%;3%;3%;2%;11%;4%;3%;3%;3%;1%;3%;3%;3%;3%;2%;1%;1%;2%;2%;2%;2%;1%;3%;3%;3%;3%;3%;3%;3%;3%;3%;-4%;1%;8%;4%;12%;1%;-2%;3%;2%;3%;11%;5%;3%;3%;3%;3%;3%;3%;1%;1%;1%;6%;3%;3%;2%;2%;1%;7%;11%;8%;;;;;;;;;;;;;;;;;;;;;;;;;;;;;;;;;;;;;;;;;;;;;;;;;;;;;;;;;
1914;3%;1%;2%;2%;1%;0%;6%;9%;7%;1%;3%;3%;2%;0%;13%;1%;-0%;2%;3%;4%;2%;12%;5%;3%;3%;3%;1%;3%;3%;3%;3%;2%;1%;1%;2%;2%;2%;2%;1%;3%;3%;3%;3%;3%;3%;3%;3%;3%;-4%;1%;9%;4%;12%;2%;-2%;3%;2%;3%;11%;5%;3%;3%;3%;3%;3%;3%;1%;1%;1%;7%;3%;3%;2%;2%;1%;7%;11%;8%;;;;;;;;;;;;;;;;;;;;;;;;;;;;;;;;;;;;;;;;;;;;;;;;;;;;;;;;;
1915;3%;2%;2%;2%;1%;0%;7%;9%;7%;1%;3%;3%;2%;1%;19%;1%;-0%;2%;3%;4%;2%;12%;5%;3%;3%;3%;1%;3%;3%;3%;3%;2%;1%;1%;2%;2%;2%;2%;1%;3%;3%;3%;3%;3%;3%;3%;3%;3%;-4%;1%;9%;4%;13%;2%;-2%;3%;2%;3%;11%;5%;3%;3%;3%;3%;3%;3%;1%;1%;1%;7%;4%;3%;2%;2%;1%;7%;11%;8%;;;;;;;;;;;;;;;;;;;;;;;;;;;;;;;;;;;;;;;;;;;;;;;;;;;;;;;;;
1916;3%;2%;4%;2%;1%;0%;7%;9%;7%;2%;3%;3%;2%;1%;17%;1%;-0%;2%;3%;4%;3%;12%;6%;3%;3%;3%;1%;3%;3%;3%;3%;2%;1%;1%;2%;2%;2%;2%;1%;3%;3%;3%;3%;3%;3%;3%;3%;3%;-4%;1%;9%;5%;13%;2%;-2%;3%;2%;3%;11%;5%;3%;3%;3%;3%;3%;3%;1%;1%;1%;7%;4%;4%;2%;2%;1%;7%;11%;8%;;;;;;;;;;;;;;;;;;;;;;;;;;;;;;;;;;;;;;;;;;;;;;;;;;;;;;;;;
1917;3%;2%;4%;2%;1%;0%;7%;9%;7%;2%;3%;3%;2%;1%;16%;1%;0%;2%;3%;4%;3%;12%;6%;3%;3%;3%;1%;3%;3%;3%;3%;2%;1%;1%;2%;2%;2%;2%;1%;3%;3%;3%;3%;3%;3%;3%;3%;3%;-4%;1%;9%;5%;13%;2%;-2%;3%;3%;3%;11%;5%;3%;3%;3%;3%;3%;3%;2%;2%;1%;7%;4%;4%;2%;2%;1%;8%;11%;8%;;;;;;;;;;;;;;;;;;;;;;;;;;;;;;;;;;;;;;;;;;;;;;;;;;;;;;;;;
1918;3%;3%;2%;2%;1%;0%;8%;9%;7%;3%;3%;3%;2%;2%;15%;1%;0%;2%;3%;5%;1%;12%;6%;3%;3%;3%;1%;3%;3%;3%;3%;2%;1%;1%;2%;2%;2%;2%;1%;3%;3%;3%;3%;3%;3%;3%;3%;3%;-4%;1%;10%;5%;13%;3%;-2%;3%;3%;3%;11%;5%;3%;3%;3%;3%;3%;3%;2%;2%;2%;7%;4%;2%;2%;2%;1%;8%;12%;8%;;;;;;;;;;;;;;;;;;;;;;;;;;;;;;;;;;;;;;;;;;;;;;;;;;;;;;;;;
1919;3%;3%;2%;2%;1%;0%;8%;9%;7%;3%;3%;3%;2%;2%;13%;1%;0%;2%;3%;5%;2%;12%;4%;3%;3%;3%;1%;3%;3%;3%;3%;2%;1%;1%;2%;2%;2%;2%;1%;3%;3%;3%;3%;3%;3%;3%;3%;3%;-4%;1%;10%;5%;13%;3%;-2%;3%;3%;3%;11%;5%;3%;3%;3%;3%;3%;3%;2%;2%;2%;7%;4%;3%;2%;2%;1%;8%;12%;8%;;;;;;;;;;;;;;;;;;;;;;;;;;;;;;;;;;;;;;;;;;;;;;;;;;;;;;;;;
1920;3%;3%;1%;2%;1%;0%;8%;10%;7%;4%;3%;3%;2%;2%;12%;1%;0%;2%;3%;5%;1%;12%;5%;3%;3%;3%;1%;3%;3%;3%;3%;2%;1%;1%;2%;2%;2%;2%;1%;3%;3%;3%;3%;3%;3%;3%;3%;3%;-4%;1%;10%;6%;14%;3%;-2%;3%;3%;3%;11%;5%;3%;3%;3%;3%;3%;3%;2%;2%;2%;7%;4%;2%;2%;2%;1%;8%;12%;8%;;;;;;;;;;;;;;;;;;;;;;;;;;;;;;;;;;;;;;;;;;;;;;;;;;;;;;;;;
1921;3%;3%;2%;2%;1%;1%;8%;9%;7%;4%;3%;3%;2%;2%;12%;1%;0%;3%;3%;5%;1%;9%;4%;3%;3%;3%;1%;3%;3%;3%;3%;2%;1%;1%;2%;2%;2%;2%;1%;3%;3%;3%;3%;3%;3%;3%;3%;3%;-4%;1%;10%;6%;14%;3%;-2%;3%;3%;3%;11%;5%;3%;3%;3%;3%;3%;3%;2%;2%;2%;7%;4%;2%;2%;2%;1%;8%;12%;8%;;;;;;;;;;;;;;;;;;;;;;;;;;;;;;;;;;;;;;;;;;;;;;;;;;;;;;;;;
1922;3%;3%;2%;2%;1%;1%;8%;9%;7%;4%;3%;3%;2%;2%;12%;1%;0%;3%;3%;5%;1%;11%;5%;3%;3%;3%;1%;3%;3%;3%;3%;2%;1%;1%;2%;2%;2%;2%;1%;2%;2%;2%;2%;2%;2%;2%;2%;2%;-4%;1%;10%;6%;14%;3%;-2%;3%;3%;3%;11%;5%;3%;3%;3%;3%;3%;3%;2%;2%;2%;7%;4%;2%;2%;2%;1%;8%;12%;8%;;;;;;;;;;;;;;;;;;;;;;;;;;;;;;;;;;;;;;;;;;;;;;;;;;;;;;;;;
1923;3%;3%;4%;2%;1%;0%;8%;9%;7%;3%;3%;3%;2%;2%;12%;1%;1%;3%;4%;5%;3%;13%;4%;3%;3%;3%;1%;3%;3%;3%;3%;2%;1%;1%;2%;2%;2%;2%;1%;2%;2%;2%;2%;2%;2%;2%;2%;2%;-4%;1%;10%;6%;13%;3%;-2%;3%;3%;3%;10%;5%;3%;3%;3%;3%;3%;3%;2%;3%;2%;7%;4%;4%;2%;2%;1%;8%;12%;7%;;;;;;;;;;;;;;;;;;;;;;;;;;;;;;;;;;;;;;;;;;;;;;;;;;;;;;;;;
1924;3%;3%;3%;2%;1%;0%;8%;9%;7%;3%;3%;3%;2%;2%;12%;1%;1%;3%;4%;5%;3%;13%;4%;3%;3%;3%;1%;3%;3%;3%;3%;2%;1%;1%;2%;2%;2%;2%;1%;2%;2%;2%;2%;2%;2%;2%;2%;2%;-4%;1%;10%;6%;13%;3%;-2%;3%;3%;3%;10%;5%;3%;3%;3%;3%;3%;3%;2%;2%;2%;7%;4%;4%;2%;2%;1%;8%;12%;7%;;;;;;;;;;;;;;;;;;;;;;;;;;;;;;;;;;;;;;;;;;;;;;;;;;;;;;;;;
1925;3%;3%;3%;2%;1%;0%;8%;9%;6%;4%;4%;4%;3%;3%;12%;1%;1%;3%;4%;5%;3%;13%;4%;3%;3%;3%;1%;3%;3%;3%;3%;2%;1%;1%;2%;2%;2%;2%;1%;2%;2%;2%;2%;2%;2%;2%;2%;2%;-4%;1%;10%;6%;13%;3%;-2%;3%;3%;3%;10%;4%;3%;3%;3%;3%;3%;3%;2%;3%;2%;7%;5%;4%;2%;2%;1%;8%;12%;7%;;;;;;;;;;;;;;;;;;;;;;;;;;;;;;;;;;;;;;;;;;;;;;;;;;;;;;;;;
1926;3%;3%;3%;2%;1%;0%;8%;9%;6%;4%;4%;4%;3%;2%;12%;1%;1%;3%;4%;5%;3%;13%;5%;3%;3%;3%;1%;3%;3%;3%;3%;2%;1%;1%;2%;2%;2%;2%;1%;2%;2%;2%;2%;2%;2%;2%;2%;2%;-3%;1%;10%;6%;13%;3%;-2%;3%;3%;3%;10%;4%;3%;3%;3%;3%;3%;3%;2%;3%;2%;7%;5%;4%;2%;2%;1%;8%;12%;7%;;;;;;;;;;;;;;;;;;;;;;;;;;;;;;;;;;;;;;;;;;;;;;;;;;;;;;;;;
1927;3%;3%;3%;2%;1%;0%;8%;9%;6%;4%;4%;4%;2%;2%;12%;1%;1%;3%;4%;5%;3%;13%;4%;3%;3%;3%;1%;3%;3%;3%;3%;2%;1%;1%;2%;2%;2%;2%;1%;2%;2%;2%;2%;2%;2%;2%;2%;2%;-3%;1%;10%;6%;13%;3%;-2%;3%;3%;3%;9%;4%;3%;3%;3%;3%;3%;3%;2%;3%;2%;7%;5%;3%;2%;2%;1%;8%;12%;7%;;;;;;;;;;;;;;;;;;;;;;;;;;;;;;;;;;;;;;;;;;;;;;;;;;;;;;;;;
1928;3%;3%;3%;2%;1%;0%;8%;8%;6%;3%;4%;4%;2%;2%;12%;1%;1%;3%;4%;5%;3%;12%;4%;3%;3%;3%;1%;3%;3%;3%;3%;2%;1%;1%;2%;2%;2%;2%;1%;2%;2%;2%;2%;2%;2%;2%;2%;2%;-3%;1%;10%;6%;13%;3%;-2%;3%;3%;3%;9%;4%;3%;3%;3%;3%;3%;3%;2%;3%;2%;7%;5%;3%;2%;2%;1%;8%;11%;7%;;;;;;;;;;;;;;;;;;;;;;;;;;;;;;;;;;;;;;;;;;;;;;;;;;;;;;;;;
1929;3%;3%;3%;2%;1%;0%;8%;8%;6%;3%;4%;4%;2%;2%;12%;1%;1%;3%;4%;5%;3%;12%;5%;3%;3%;3%;1%;3%;3%;3%;3%;2%;1%;1%;2%;2%;2%;2%;1%;2%;2%;2%;2%;2%;2%;2%;2%;2%;-3%;1%;10%;6%;13%;3%;-2%;3%;3%;3%;9%;4%;3%;3%;3%;3%;3%;3%;2%;2%;2%;7%;5%;3%;2%;2%;1%;8%;11%;7%;;;;;;;;;;;;;;;;;;;;;;;;;;;;;;;;;;;;;;;;;;;;;;;;;;;;;;;;;
1930;3%;3%;3%;2%;1%;0%;8%;8%;6%;3%;4%;4%;2%;3%;13%;1%;1%;3%;4%;6%;2%;12%;5%;3%;3%;3%;1%;3%;3%;3%;3%;2%;1%;1%;2%;2%;2%;2%;1%;2%;2%;2%;2%;2%;2%;2%;2%;2%;-3%;1%;10%;6%;13%;3%;-2%;3%;3%;3%;9%;4%;3%;3%;3%;3%;3%;3%;2%;2%;2%;7%;5%;3%;2%;2%;1%;8%;11%;6%;;;;;;;;;;;;;;;;;;;;;;;;;;;;;;;;;;;;;;;;;;;;;;;;;;;;;;;;;
1931;3%;3%;3%;1%;1%;1%;8%;8%;6%;3%;4%;4%;2%;2%;12%;2%;1%;3%;4%;5%;3%;11%;5%;3%;3%;3%;1%;3%;3%;3%;3%;2%;1%;1%;2%;2%;2%;2%;1%;2%;2%;2%;2%;2%;2%;2%;2%;2%;-3%;1%;10%;6%;13%;3%;-2%;3%;3%;3%;9%;4%;3%;3%;3%;3%;3%;3%;2%;2%;3%;7%;5%;3%;2%;2%;1%;8%;11%;6%;;;;;;;;;;;;;;;;;;;;;;;;;;;;;;;;;;;;;;;;;;;;;;;;;;;;;;;;;
1932;3%;3%;2%;1%;1%;1%;8%;7%;6%;3%;4%;4%;2%;2%;12%;2%;1%;4%;4%;5%;1%;10%;6%;3%;3%;3%;1%;3%;2%;2%;2%;2%;1%;1%;2%;2%;2%;2%;1%;2%;2%;2%;2%;2%;2%;2%;2%;2%;-3%;1%;10%;6%;13%;3%;-2%;3%;3%;3%;9%;4%;3%;3%;3%;3%;3%;3%;3%;3%;3%;7%;5%;2%;2%;2%;1%;8%;11%;6%;;;;;;;;;;;;;;;;;;;;;;;;;;;;;;;;;;;;;;;;;;;;;;;;;;;;;;;;;
1933;2%;3%;2%;1%;1%;1%;8%;7%;6%;3%;4%;4%;2%;2%;12%;2%;1%;4%;4%;5%;2%;9%;5%;3%;3%;3%;1%;3%;2%;2%;2%;2%;1%;1%;2%;2%;2%;2%;1%;2%;2%;2%;2%;2%;2%;2%;2%;2%;-3%;1%;10%;6%;13%;3%;-2%;3%;3%;3%;9%;4%;3%;3%;3%;3%;3%;3%;3%;3%;3%;7%;5%;2%;2%;2%;1%;8%;11%;6%;;;;;;;;;;;;;;;;;;;;;;;;;;;;;;;;;;;;;;;;;;;;;;;;;;;;;;;;;
1934;3%;3%;4%;1%;1%;0%;8%;7%;6%;3%;4%;4%;2%;2%;12%;2%;1%;5%;4%;5%;4%;9%;5%;3%;3%;3%;1%;3%;2%;2%;2%;2%;1%;1%;2%;2%;2%;2%;1%;2%;2%;2%;2%;2%;2%;2%;2%;2%;-3%;1%;10%;6%;13%;3%;-2%;3%;3%;3%;9%;4%;3%;3%;3%;3%;3%;3%;3%;3%;3%;7%;5%;4%;2%;2%;1%;8%;11%;6%;;;;;;;;;;;;;;;;;;;;;;;;;;;;;;;;;;;;;;;;;;;;;;;;;;;;;;;;;
1935;3%;3%;3%;1%;1%;0%;8%;7%;6%;3%;4%;4%;2%;2%;12%;2%;1%;5%;4%;5%;3%;10%;5%;3%;3%;3%;1%;3%;2%;2%;2%;2%;1%;1%;2%;2%;2%;2%;1%;2%;2%;2%;2%;2%;2%;2%;2%;2%;-3%;1%;10%;6%;13%;3%;-1%;3%;3%;3%;9%;4%;3%;3%;3%;3%;3%;3%;3%;3%;3%;7%;5%;3%;2%;2%;1%;8%;11%;6%;;;;;;;;;;;;;;;;;;;;;;;;;;;;;;;;;;;;;;;;;;;;;;;;;;;;;;;;;
1936;3%;3%;2%;1%;1%;0%;8%;7%;6%;3%;4%;4%;2%;2%;12%;2%;1%;5%;4%;5%;2%;10%;4%;3%;3%;3%;1%;3%;2%;2%;2%;2%;1%;1%;2%;2%;2%;2%;1%;2%;2%;2%;2%;2%;2%;2%;2%;2%;-3%;1%;10%;6%;13%;3%;-1%;3%;3%;3%;9%;4%;3%;3%;3%;3%;3%;3%;3%;3%;3%;7%;5%;3%;2%;2%;1%;8%;11%;6%;;;;;;;;;;;;;;;;;;;;;;;;;;;;;;;;;;;;;;;;;;;;;;;;;;;;;;;;;
1937;3%;4%;4%;1%;1%;0%;8%;7%;6%;3%;4%;4%;3%;2%;12%;2%;1%;5%;4%;5%;3%;11%;5%;4%;3%;3%;1%;3%;2%;2%;2%;2%;1%;1%;2%;2%;2%;2%;1%;2%;2%;2%;2%;2%;2%;2%;2%;2%;-3%;1%;10%;6%;13%;3%;-1%;3%;3%;3%;9%;4%;3%;3%;3%;3%;3%;3%;3%;3%;3%;7%;5%;4%;2%;2%;1%;8%;11%;6%;;;;;;;;;;;;;;;;;;;;;;;;;;;;;;;;;;;;;;;;;;;;;;;;;;;;;;;;;
1938;2%;4%;3%;1%;1%;0%;8%;6%;5%;3%;4%;4%;3%;3%;12%;2%;1%;5%;4%;5%;3%;10%;5%;4%;3%;3%;1%;3%;2%;2%;2%;2%;1%;1%;2%;2%;2%;2%;1%;2%;2%;2%;2%;2%;2%;2%;2%;2%;-3%;1%;10%;6%;13%;3%;-1%;3%;3%;3%;9%;4%;3%;3%;3%;3%;3%;3%;3%;3%;3%;7%;5%;4%;2%;2%;1%;8%;11%;6%;;;;;;;;;;;;;;;;;;;;;;;;;;;;;;;;;;;;;;;;;;;;;;;;;;;;;;;;;
1939;2%;4%;4%;1%;1%;0%;8%;6%;5%;3%;4%;4%;3%;2%;12%;2%;1%;5%;4%;5%;3%;11%;5%;4%;3%;3%;1%;3%;2%;2%;2%;2%;1%;1%;2%;2%;2%;2%;1%;2%;2%;2%;2%;2%;2%;2%;2%;2%;-3%;1%;10%;6%;13%;3%;-1%;3%;3%;3%;9%;4%;3%;3%;3%;3%;3%;3%;3%;3%;3%;7%;5%;4%;2%;2%;1%;8%;11%;6%;;;;;;;;;;;;;;;;;;;;;;;;;;;;;;;;;;;;;;;;;;;;;;;;;;;;;;;;;
1940;2%;4%;1%;1%;1%;0%;8%;6%;5%;3%;4%;4%;4%;3%;12%;2%;1%;6%;4%;5%;1%;12%;5%;4%;3%;3%;1%;3%;2%;2%;2%;2%;1%;1%;2%;2%;2%;2%;1%;2%;2%;2%;2%;2%;2%;2%;2%;2%;-3%;1%;10%;6%;13%;3%;-1%;3%;3%;3%;9%;4%;3%;3%;3%;3%;3%;3%;3%;3%;3%;7%;5%;2%;2%;2%;1%;8%;11%;6%;;;;;;;;;;;;;;;;;;;;;;;;;;;;;;;;;;;;;;;;;;;;;;;;;;;;;;;;;
1941;2%;4%;3%;1%;1%;0%;8%;5%;5%;3%;4%;4%;3%;3%;12%;2%;1%;6%;4%;5%;2%;13%;5%;4%;3%;3%;1%;3%;2%;2%;2%;2%;2%;1%;2%;2%;2%;2%;2%;2%;2%;2%;2%;2%;2%;2%;2%;2%;-3%;1%;10%;6%;14%;3%;-1%;3%;3%;3%;9%;4%;3%;3%;3%;3%;3%;3%;3%;3%;3%;7%;5%;3%;2%;2%;1%;8%;12%;6%;;;;;;;;;;;;;;;;;;;;;;;;;;;;;;;;;;;;;;;;;;;;;;;;;;;;;;;;;
1942;2%;3%;3%;1%;1%;0%;8%;5%;6%;3%;4%;4%;3%;3%;12%;2%;1%;5%;4%;5%;2%;13%;5%;4%;3%;3%;1%;3%;2%;2%;2%;2%;2%;1%;2%;2%;2%;2%;2%;2%;2%;2%;2%;2%;2%;2%;2%;2%;-3%;1%;10%;6%;14%;3%;-0%;3%;3%;3%;9%;4%;3%;3%;3%;3%;3%;3%;3%;3%;3%;7%;5%;3%;2%;2%;1%;8%;12%;6%;;;;;;;;;;;;;;;;;;;;;;;;;;;;;;;;;;;;;;;;;;;;;;;;;;;;;;;;;
1943;2%;3%;3%;1%;2%;0%;8%;4%;6%;4%;4%;4%;3%;3%;12%;2%;1%;5%;5%;5%;3%;13%;5%;4%;3%;3%;1%;3%;2%;2%;2%;2%;2%;1%;2%;2%;2%;2%;2%;2%;2%;2%;2%;2%;2%;2%;2%;2%;-3%;1%;10%;6%;14%;4%;-0%;4%;4%;3%;9%;4%;3%;3%;3%;3%;3%;3%;3%;3%;3%;7%;5%;3%;2%;2%;1%;8%;12%;6%;;;;;;;;;;;;;;;;;;;;;;;;;;;;;;;;;;;;;;;;;;;;;;;;;;;;;;;;;
1944;2%;2%;4%;1%;2%;0%;8%;4%;6%;4%;4%;4%;3%;2%;12%;2%;2%;5%;5%;5%;3%;13%;5%;4%;3%;3%;1%;3%;3%;3%;3%;2%;2%;1%;2%;2%;2%;2%;2%;2%;2%;2%;2%;2%;2%;2%;2%;2%;-3%;1%;10%;6%;14%;4%;0%;4%;4%;3%;9%;4%;3%;3%;3%;3%;3%;3%;3%;3%;3%;7%;5%;4%;2%;2%;1%;8%;12%;6%;;;;;;;;;;;;;;;;;;;;;;;;;;;;;;;;;;;;;;;;;;;;;;;;;;;;;;;;;
1945;2%;2%;4%;2%;2%;0%;8%;6%;6%;4%;4%;4%;3%;2%;12%;2%;2%;5%;5%;5%;3%;13%;6%;5%;3%;3%;1%;3%;3%;3%;3%;2%;3%;1%;2%;2%;2%;2%;2%;2%;2%;2%;2%;2%;2%;2%;2%;2%;-3%;1%;10%;6%;15%;4%;1%;4%;4%;3%;9%;4%;3%;3%;3%;3%;3%;3%;3%;3%;3%;7%;5%;4%;2%;2%;1%;8%;13%;7%;;;;;;;;;;;;;;;;;;;;;;;;;;;;;;;;;;;;;;;;;;;;;;;;;;;;;;;;;
1946;2%;2%;4%;2%;2%;0%;8%;9%;6%;4%;5%;4%;3%;2%;12%;2%;2%;5%;5%;6%;3%;12%;5%;4%;4%;3%;1%;3%;3%;3%;3%;2%;3%;1%;2%;2%;2%;2%;2%;2%;2%;2%;2%;2%;2%;2%;2%;2%;-3%;1%;10%;6%;15%;4%;1%;4%;4%;4%;9%;4%;4%;4%;4%;4%;4%;4%;3%;3%;3%;7%;5%;4%;2%;2%;1%;8%;13%;7%;;;;;;;;;;;;;;;;;;;;;;;;;;;;;;;;;;;;;;;;;;;;;;;;;;;;;;;;;
1947;2%;3%;4%;1%;2%;0%;8%;9%;6%;5%;5%;5%;3%;2%;12%;2%;2%;6%;5%;6%;4%;11%;5%;4%;4%;3%;1%;3%;3%;3%;3%;2%;3%;1%;2%;2%;2%;2%;2%;2%;2%;2%;2%;2%;2%;2%;2%;2%;-3%;1%;10%;6%;15%;5%;1%;5%;5%;4%;9%;4%;4%;4%;4%;4%;4%;4%;4%;3%;4%;7%;5%;4%;2%;2%;1%;8%;13%;7%;;;;;;;;;;;;;;;;;;;;;;;;;;;;;;;;;;;;;;;;;;;;;;;;;;;;;;;;;
1948;2%;3%;4%;1%;2%;0%;8%;9%;6%;5%;5%;5%;3%;2%;13%;2%;2%;6%;5%;6%;4%;8%;5%;4%;4%;3%;1%;3%;3%;3%;3%;3%;3%;1%;3%;3%;3%;2%;3%;2%;2%;2%;2%;2%;2%;2%;2%;2%;-3%;1%;10%;6%;15%;5%;2%;5%;5%;4%;9%;4%;4%;4%;4%;4%;4%;4%;4%;3%;4%;7%;5%;4%;2%;2%;1%;8%;13%;7%;;;;;;;;;;;;;;;;;;;;;;;;;;;;;;;;;;;;;;;;;;;;;;;;;;;;;;;;;
1949;2%;4%;4%;2%;2%;0%;8%;10%;6%;5%;5%;5%;3%;3%;13%;2%;2%;6%;5%;6%;3%;9%;5%;4%;4%;3%;1%;3%;3%;3%;3%;3%;4%;1%;3%;3%;3%;2%;3%;2%;2%;2%;2%;2%;2%;2%;2%;2%;-3%;1%;10%;6%;16%;5%;2%;5%;5%;4%;9%;4%;4%;4%;4%;4%;4%;4%;4%;4%;4%;7%;5%;4%;2%;2%;1%;8%;14%;7%;;;;;;;;;;;;;;;;;;;;;;;;;;;;;;;;;;;;;;;;;;;;;;;;;;;;;;;;;
1950;2%;4%;4%;2%;2%;0%;8%;9%;6%;5%;5%;5%;3%;4%;13%;2%;2%;7%;5%;6%;3%;10%;5%;3%;4%;3%;1%;3%;3%;3%;3%;3%;4%;1%;3%;3%;3%;2%;3%;2%;2%;2%;2%;2%;2%;2%;2%;2%;-3%;1%;10%;6%;16%;5%;2%;5%;5%;4%;9%;4%;4%;4%;4%;4%;4%;4%;4%;4%;4%;8%;6%;4%;2%;2%;1%;8%;14%;7%;;;;;;;;;;;;;;;;;;;;;;;;;;;;;;;;;;;;;;;;;;;;;;;;;;;;;;;;;
1951;3%;5%;4%;2%;2%;0%;8%;10%;7%;5%;5%;5%;3%;4%;13%;2%;2%;7%;5%;6%;3%;11%;6%;4%;4%;3%;1%;3%;3%;3%;3%;3%;4%;1%;3%;3%;3%;2%;3%;2%;2%;2%;2%;2%;2%;2%;2%;2%;-3%;1%;10%;6%;16%;5%;2%;5%;5%;4%;11%;4%;4%;4%;4%;4%;4%;4%;4%;4%;4%;8%;6%;4%;2%;2%;1%;8%;14%;8%;;;;;;;;;;;;;;;;;;;;;;;;;;;;;;;;;;;;;;;;;;;;;;;;;;;;;;;;;
1952;3%;5%;4%;2%;2%;0%;8%;10%;7%;6%;5%;5%;3%;4%;13%;2%;2%;8%;5%;6%;3%;11%;6%;4%;4%;3%;1%;3%;3%;3%;3%;3%;4%;2%;3%;3%;3%;2%;3%;2%;2%;2%;2%;2%;2%;2%;2%;2%;-3%;1%;10%;6%;16%;5%;2%;5%;5%;4%;11%;4%;4%;4%;4%;4%;4%;4%;4%;4%;4%;8%;6%;4%;2%;2%;1%;8%;14%;8%;;;;;;;;;;;;;;;;;;;;;;;;;;;;;;;;;;;;;;;;;;;;;;;;;;;;;;;;;
1953;3%;5%;4%;2%;2%;0%;8%;10%;7%;6%;5%;5%;3%;4%;13%;2%;2%;8%;5%;6%;3%;12%;6%;4%;4%;3%;1%;3%;3%;3%;3%;2%;4%;2%;2%;2%;2%;2%;2%;2%;2%;2%;2%;2%;2%;2%;2%;2%;-3%;1%;10%;6%;16%;5%;2%;5%;5%;4%;11%;4%;4%;4%;4%;4%;4%;4%;4%;4%;4%;8%;6%;4%;2%;2%;1%;8%;14%;8%;;;;;;;;;;;;;;;;;;;;;;;;;;;;;;;;;;;;;;;;;;;;;;;;;;;;;;;;;
1954;2%;5%;3%;2%;2%;0%;8%;9%;7%;6%;5%;5%;4%;4%;12%;2%;2%;9%;5%;6%;3%;12%;6%;4%;4%;3%;1%;2%;3%;3%;3%;2%;4%;2%;2%;2%;2%;2%;2%;2%;2%;2%;2%;2%;2%;2%;2%;2%;-3%;1%;10%;6%;16%;5%;2%;5%;5%;4%;11%;4%;4%;4%;4%;4%;4%;4%;4%;4%;5%;8%;6%;3%;2%;2%;1%;8%;14%;8%;;;;;;;;;;;;;;;;;;;;;;;;;;;;;;;;;;;;;;;;;;;;;;;;;;;;;;;;;
1955;2%;5%;2%;2%;2%;0%;8%;8%;7%;5%;5%;5%;4%;5%;12%;2%;2%;9%;5%;6%;2%;12%;6%;4%;4%;3%;1%;2%;3%;3%;3%;2%;3%;2%;2%;2%;2%;2%;2%;1%;1%;1%;1%;1%;1%;1%;1%;1%;-3%;2%;10%;6%;16%;5%;2%;5%;5%;4%;11%;5%;4%;4%;4%;4%;4%;4%;5%;5%;5%;8%;6%;3%;2%;2%;1%;8%;14%;8%;;;;;;;;;;;;;;;;;;;;;;;;;;;;;;;;;;;;;;;;;;;;;;;;;;;;;;;;;
1956;2%;5%;3%;2%;1%;0%;8%;8%;7%;5%;5%;5%;4%;5%;12%;2%;2%;9%;5%;6%;3%;12%;6%;4%;4%;3%;1%;2%;3%;3%;3%;2%;3%;2%;2%;2%;2%;2%;2%;1%;1%;1%;1%;1%;1%;1%;1%;1%;-3%;2%;10%;6%;16%;5%;2%;5%;5%;4%;11%;5%;4%;4%;4%;4%;4%;4%;5%;5%;5%;8%;6%;4%;2%;2%;1%;8%;14%;8%;;;;;;;;;;;;;;;;;;;;;;;;;;;;;;;;;;;;;;;;;;;;;;;;;;;;;;;;;
1957;2%;5%;4%;2%;1%;0%;8%;7%;7%;5%;5%;5%;4%;6%;12%;2%;2%;10%;5%;6%;4%;13%;6%;4%;4%;3%;1%;2%;3%;3%;3%;2%;3%;2%;2%;2%;2%;2%;2%;1%;1%;1%;1%;1%;1%;1%;1%;1%;-3%;2%;10%;6%;16%;5%;2%;5%;5%;4%;11%;5%;4%;4%;4%;4%;4%;4%;5%;5%;5%;8%;6%;4%;2%;2%;1%;8%;14%;8%;;;;;;;;;;;;;;;;;;;;;;;;;;;;;;;;;;;;;;;;;;;;;;;;;;;;;;;;;
1958;2%;5%;4%;2%;1%;0%;8%;7%;7%;5%;5%;5%;4%;6%;12%;3%;2%;10%;5%;6%;4%;13%;6%;4%;3%;3%;1%;2%;3%;3%;3%;2%;3%;2%;2%;2%;2%;2%;2%;1%;1%;1%;1%;1%;1%;1%;1%;1%;-3%;2%;10%;6%;16%;5%;2%;5%;5%;3%;11%;5%;3%;3%;3%;3%;3%;3%;5%;5%;5%;8%;6%;4%;2%;2%;1%;8%;14%;8%;;;;;;;;;;;;;;;;;;;;;;;;;;;;;;;;;;;;;;;;;;;;;;;;;;;;;;;;;
1959;2%;5%;4%;2%;1%;0%;8%;6%;7%;5%;5%;5%;4%;6%;12%;2%;2%;10%;5%;6%;4%;13%;6%;4%;3%;3%;1%;2%;3%;3%;3%;2%;3%;2%;2%;2%;2%;2%;2%;1%;1%;1%;1%;1%;1%;1%;1%;1%;-3%;2%;10%;6%;16%;5%;2%;5%;5%;3%;11%;5%;3%;3%;3%;3%;3%;3%;5%;5%;5%;8%;6%;5%;2%;2%;1%;8%;14%;8%;;;;;;;;;;;;;;;;;;;;;;;;;;;;;;;;;;;;;;;;;;;;;;;;;;;;;;;;;
1960;2%;5%;4%;2%;1%;0%;8%;4%;7%;5%;5%;5%;4%;6%;12%;2%;2%;11%;5%;6%;4%;13%;6%;4%;3%;3%;1%;2%;3%;3%;3%;2%;3%;2%;2%;2%;2%;2%;1%;1%;1%;1%;1%;1%;1%;1%;1%;1%;-2%;2%;10%;6%;16%;5%;2%;5%;5%;3%;11%;5%;3%;3%;3%;3%;3%;3%;5%;5%;5%;8%;6%;5%;2%;2%;1%;8%;14%;8%;;;;;;;;;;;;;;;;;;;;;;;;;;;;;;;;;;;;;;;;;;;;;;;;;;;;;;;;;
1961;1%;5%;3%;2%;1%;0%;8%;3%;7%;5%;5%;5%;5%;6%;12%;2%;2%;11%;5%;6%;3%;13%;6%;4%;3%;3%;1%;2%;3%;3%;3%;2%;3%;2%;2%;2%;2%;2%;1%;1%;1%;1%;1%;1%;1%;1%;1%;1%;-2%;2%;10%;6%;16%;5%;2%;5%;5%;3%;11%;5%;3%;3%;3%;3%;3%;3%;5%;5%;5%;8%;6%;4%;2%;2%;1%;8%;14%;8%;;;;;;;;;;;;;;;;;;;;;;;;;;;;;;;;;;;;;;;;;;;;;;;;;;;;;;;;;
1962;1%;5%;2%;2%;1%;0%;8%;2%;7%;5%;5%;5%;4%;7%;12%;3%;2%;11%;5%;6%;1%;15%;6%;4%;3%;3%;1%;2%;3%;3%;3%;2%;3%;2%;2%;2%;2%;2%;1%;1%;1%;1%;1%;1%;1%;1%;1%;1%;-2%;2%;10%;6%;16%;5%;2%;5%;5%;3%;11%;5%;3%;3%;3%;3%;3%;3%;5%;5%;5%;8%;6%;3%;2%;2%;1%;8%;14%;8%;;;;;;;;;;;;;;;;;;;;;;;;;;;;;;;;;;;;;;;;;;;;;;;;;;;;;;;;;
1963;1%;5%;2%;2%;1%;0%;8%;3%;7%;5%;5%;5%;5%;6%;12%;3%;2%;11%;5%;6%;1%;14%;6%;4%;3%;3%;1%;2%;3%;3%;3%;2%;3%;3%;2%;2%;2%;2%;1%;1%;1%;1%;1%;1%;1%;1%;1%;1%;-2%;2%;10%;6%;16%;5%;2%;5%;5%;3%;12%;5%;3%;3%;3%;3%;3%;3%;5%;6%;5%;8%;6%;3%;2%;2%;1%;8%;14%;8%;;;;;;;;;;;;;;;;;;;;;;;;;;;;;;;;;;;;;;;;;;;;;;;;;;;;;;;;;
1964;1%;5%;2%;2%;1%;0%;8%;3%;7%;5%;5%;5%;4%;6%;12%;3%;2%;11%;5%;6%;1%;15%;6%;4%;3%;3%;1%;2%;3%;3%;3%;2%;3%;3%;2%;2%;2%;2%;1%;1%;1%;1%;1%;1%;1%;1%;1%;1%;-2%;2%;10%;6%;16%;5%;2%;5%;5%;3%;11%;5%;3%;3%;3%;3%;3%;3%;5%;5%;5%;8%;6%;3%;2%;2%;1%;8%;14%;8%;;;;;;;;;;;;;;;;;;;;;;;;;;;;;;;;;;;;;;;;;;;;;;;;;;;;;;;;;
1965;1%;5%;2%;2%;1%;0%;8%;3%;7%;5%;5%;5%;5%;6%;12%;3%;2%;11%;5%;6%;1%;16%;6%;4%;3%;3%;1%;2%;3%;3%;3%;1%;3%;3%;1%;1%;1%;2%;1%;1%;1%;1%;1%;1%;1%;1%;1%;1%;-2%;2%;10%;6%;16%;5%;2%;5%;5%;3%;11%;5%;3%;3%;3%;3%;3%;3%;5%;5%;5%;8%;6%;3%;2%;2%;1%;8%;14%;8%;;;;;;;;;;;;;;;;;;;;;;;;;;;;;;;;;;;;;;;;;;;;;;;;;;;;;;;;;
1966;1%;5%;2%;2%;1%;0%;8%;3%;6%;5%;5%;5%;5%;7%;12%;3%;2%;11%;5%;6%;1%;14%;6%;5%;3%;3%;1%;2%;3%;3%;3%;1%;3%;3%;1%;1%;1%;2%;1%;1%;1%;1%;1%;1%;1%;1%;1%;1%;-2%;2%;10%;6%;16%;5%;2%;5%;5%;3%;11%;5%;3%;3%;3%;3%;3%;3%;5%;6%;5%;8%;6%;3%;2%;2%;1%;8%;14%;8%;;;;;;;;;;;;;;;;;;;;;;;;;;;;;;;;;;;;;;;;;;;;;;;;;;;;;;;;;
1967;1%;6%;2%;2%;1%;0%;8%;2%;6%;5%;5%;5%;6%;7%;12%;3%;2%;11%;5%;6%;1%;17%;6%;4%;3%;3%;1%;2%;3%;3%;3%;1%;3%;3%;1%;1%;1%;2%;1%;1%;1%;1%;1%;1%;1%;1%;1%;1%;-2%;2%;10%;6%;16%;5%;2%;5%;5%;3%;11%;5%;3%;3%;3%;3%;3%;3%;6%;6%;5%;8%;6%;2%;2%;2%;1%;8%;14%;8%;;;;;;;;;;;;;;;;;;;;;;;;;;;;;;;;;;;;;;;;;;;;;;;;;;;;;;;;;
1968;1%;6%;2%;2%;1%;-0%;8%;2%;6%;5%;5%;5%;7%;7%;12%;3%;2%;12%;6%;6%;1%;16%;6%;4%;3%;3%;1%;2%;3%;3%;3%;1%;3%;3%;1%;1%;1%;2%;1%;1%;1%;1%;1%;1%;1%;1%;1%;1%;-2%;2%;10%;6%;16%;5%;2%;5%;5%;3%;11%;5%;3%;3%;3%;3%;3%;3%;6%;7%;6%;8%;7%;2%;2%;2%;1%;8%;14%;8%;;;;;;;;;;;;;;;;;;;;;;;;;;;;;;;;;;;;;;;;;;;;;;;;;;;;;;;;;
1969;1%;6%;2%;2%;1%;0%;8%;2%;6%;6%;5%;5%;9%;7%;12%;3%;3%;12%;6%;6%;1%;16%;6%;4%;3%;3%;1%;2%;3%;3%;3%;1%;3%;3%;1%;1%;1%;2%;1%;1%;1%;1%;1%;1%;1%;1%;1%;1%;-2%;2%;10%;6%;16%;5%;2%;5%;5%;3%;11%;5%;3%;3%;3%;3%;3%;3%;6%;7%;6%;8%;7%;3%;2%;2%;1%;8%;14%;7%;;;;;;;;;;;;;;;;;;;;;;;;;;;;;;;;;;;;;;;;;;;;;;;;;;;;;;;;;
1970;1%;6%;2%;2%;1%;0%;8%;3%;6%;5%;5%;5%;7%;8%;12%;3%;3%;12%;6%;6%;1%;16%;6%;4%;3%;3%;1%;2%;3%;3%;3%;1%;3%;3%;1%;1%;1%;2%;1%;1%;1%;1%;1%;1%;1%;1%;1%;1%;-2%;2%;10%;6%;16%;5%;2%;5%;5%;3%;11%;5%;3%;3%;3%;3%;3%;3%;6%;7%;6%;8%;7%;3%;2%;1%;1%;8%;14%;7%;;;;;;;;;;;;;;;;;;;;;;;;;;;;;;;;;;;;;;;;;;;;;;;;;;;;;;;;;
1971;1%;6%;2%;2%;1%;0%;8%;2%;6%;5%;5%;5%;7%;8%;12%;3%;3%;13%;5%;5%;1%;16%;6%;4%;3%;3%;1%;2%;3%;3%;3%;1%;3%;3%;1%;1%;1%;2%;1%;1%;1%;1%;1%;1%;1%;1%;1%;1%;-2%;2%;10%;6%;16%;5%;2%;5%;5%;3%;11%;5%;3%;3%;3%;3%;3%;3%;6%;7%;6%;8%;7%;3%;2%;2%;1%;8%;14%;8%;;;;;;;;;;;;;;;;;;;;;;;;;;;;;;;;;;;;;;;;;;;;;;;;;;;;;;;;;
1972;1%;5%;2%;2%;1%;0%;8%;2%;6%;5%;5%;5%;7%;7%;12%;3%;2%;13%;5%;5%;1%;16%;6%;4%;3%;3%;1%;2%;3%;3%;3%;1%;3%;3%;1%;1%;1%;2%;1%;1%;1%;1%;1%;1%;2%;2%;1%;2%;-2%;2%;10%;5%;16%;5%;2%;5%;5%;3%;11%;5%;3%;3%;3%;3%;3%;3%;6%;7%;6%;8%;6%;3%;2%;2%;1%;8%;14%;8%;;;;;;;;;;;;;;;;;;;;;;;;;;;;;;;;;;;;;;;;;;;;;;;;;;;;;;;;;
1973;1%;5%;2%;2%;1%;0%;7%;2%;6%;5%;5%;5%;7%;8%;11%;4%;2%;13%;5%;5%;1%;16%;6%;4%;2%;3%;1%;2%;3%;3%;3%;1%;3%;3%;1%;2%;2%;2%;1%;2%;2%;1%;1%;1%;2%;2%;1%;2%;-2%;2%;10%;5%;16%;5%;2%;5%;5%;3%;11%;5%;3%;3%;3%;3%;3%;3%;7%;7%;6%;8%;6%;3%;2%;2%;1%;8%;14%;8%;;;;;;;;;;;;;;;;;;;;;;;;;;;;;;;;;;;;;;;;;;;;;;;;;;;;;;;;;
1974;1%;5%;1%;2%;0%;0%;7%;2%;6%;5%;5%;5%;7%;9%;11%;4%;2%;13%;5%;5%;0%;16%;6%;4%;2%;4%;1%;2%;2%;3%;3%;2%;4%;3%;1%;2%;2%;2%;1%;2%;2%;1%;1%;1%;2%;2%;1%;2%;-2%;2%;10%;5%;16%;5%;2%;5%;5%;4%;11%;5%;3%;3%;3%;3%;3%;2%;7%;7%;6%;8%;6%;2%;2%;2%;2%;8%;14%;8%;;;;;;;;;;;;;;;;;;;;;;;;;;;;;;;;;;;;;;;;;;;;;;;;;;;;;;;;;
1975;1%;5%;2%;2%;0%;1%;7%;2%;6%;5%;5%;5%;8%;9%;11%;4%;2%;14%;5%;4%;1%;16%;6%;5%;2%;4%;2%;2%;2%;3%;3%;2%;4%;4%;2%;3%;2%;2%;1%;2%;2%;2%;1%;1%;3%;3%;1%;3%;-2%;2%;10%;5%;16%;5%;2%;5%;5%;4%;11%;5%;3%;4%;3%;2%;4%;2%;7%;7%;6%;8%;6%;3%;2%;2%;2%;8%;14%;8%;;;;;;;;;;;;;;;;;;;;;;;;;;;;;;;;;;;;;;;;;;;;;;;;;;;;;;;;;
1976;1%;5%;2%;2%;0%;1%;7%;2%;6%;5%;5%;5%;8%;9%;11%;4%;2%;14%;5%;4%;1%;16%;6%;5%;2%;4%;2%;2%;2%;3%;3%;2%;4%;4%;2%;3%;3%;2%;1%;3%;2%;2%;1%;2%;3%;3%;2%;3%;-2%;2%;10%;5%;16%;5%;2%;5%;5%;4%;11%;5%;3%;4%;3%;2%;4%;2%;7%;7%;6%;8%;6%;3%;2%;2%;2%;8%;14%;8%;;;;;;;;;;;;;;;;;;;;;;;;;;;;;;;;;;;;;;;;;;;;;;;;;;;;;;;;;
1977;1%;5%;2%;2%;0%;1%;7%;2%;7%;5%;5%;5%;8%;9%;11%;4%;2%;13%;4%;4%;1%;16%;6%;5%;2%;4%;2%;2%;2%;3%;3%;2%;4%;4%;2%;3%;3%;2%;1%;3%;3%;2%;1%;2%;3%;3%;2%;4%;-2%;2%;10%;4%;16%;5%;2%;5%;4%;4%;11%;5%;3%;4%;4%;2%;4%;2%;7%;8%;6%;8%;6%;3%;2%;2%;2%;7%;14%;8%;;;;;;;;;;;;;;;;;;;;;;;;;;;;;;;;;;;;;;;;;;;;;;;;;;;;;;;;;
1978;1%;5%;2%;2%;1%;1%;7%;2%;7%;5%;5%;5%;8%;9%;11%;4%;2%;13%;4%;3%;1%;16%;6%;5%;2%;4%;2%;2%;2%;3%;3%;3%;4%;4%;2%;4%;3%;2%;1%;3%;3%;2%;2%;2%;4%;4%;2%;4%;-1%;2%;9%;4%;16%;5%;2%;5%;4%;4%;11%;5%;4%;4%;4%;2%;4%;2%;7%;7%;6%;8%;6%;2%;2%;3%;2%;7%;14%;8%;;;;;;;;;;;;;;;;;;;;;;;;;;;;;;;;;;;;;;;;;;;;;;;;;;;;;;;;;
1979;1%;5%;2%;2%;1%;1%;6%;1%;7%;5%;5%;5%;8%;11%;10%;4%;2%;13%;4%;3%;1%;16%;6%;5%;2%;4%;2%;2%;2%;3%;3%;3%;4%;4%;2%;4%;3%;2%;1%;4%;3%;2%;2%;2%;4%;4%;2%;4%;-1%;2%;9%;4%;16%;5%;2%;5%;4%;5%;11%;5%;4%;4%;4%;2%;4%;2%;7%;8%;6%;8%;6%;3%;2%;3%;2%;7%;14%;8%;;;;;;;;;;;;;;;;;;;;;;;;;;;;;;;;;;;;;;;;;;;;;;;;;;;;;;;;;
1980;1%;5%;2%;2%;1%;1%;6%;1%;7%;5%;5%;5%;8%;11%;10%;4%;2%;13%;4%;3%;1%;15%;5%;5%;2%;4%;2%;2%;2%;3%;2%;3%;4%;4%;2%;4%;4%;2%;1%;4%;3%;2%;2%;2%;4%;5%;2%;5%;-1%;2%;9%;4%;16%;5%;3%;5%;4%;5%;11%;5%;4%;5%;4%;2%;5%;2%;7%;8%;6%;8%;6%;3%;3%;3%;3%;7%;14%;8%;;;;;;;;;;;;;;;;;;;;;;;;;;;;;;;;;;;;;;;;;;;;;;;;;;;;;;;;;
1981;1%;5%;2%;2%;1%;1%;6%;1%;7%;6%;4%;5%;9%;11%;10%;5%;2%;13%;4%;3%;1%;15%;5%;5%;2%;4%;2%;2%;2%;3%;2%;3%;4%;4%;2%;4%;4%;2%;2%;4%;3%;2%;2%;2%;4%;5%;2%;5%;-1%;2%;9%;4%;16%;5%;3%;5%;4%;5%;11%;5%;4%;5%;4%;2%;5%;2%;7%;8%;6%;8%;6%;3%;3%;3%;3%;7%;14%;8%;;;;;;;;;;;;;;;;;;;;;;;;;;;;;;;;;;;;;;;;;;;;;;;;;;;;;;;;;
1982;1%;5%;3%;2%;1%;1%;6%;2%;6%;7%;6%;5%;9%;11%;10%;5%;2%;13%;4%;3%;2%;15%;5%;5%;2%;4%;2%;2%;2%;3%;2%;3%;4%;4%;2%;4%;4%;2%;2%;4%;3%;2%;2%;2%;4%;5%;2%;5%;-1%;2%;9%;4%;16%;5%;3%;5%;4%;5%;11%;5%;4%;5%;4%;2%;5%;2%;8%;9%;7%;8%;7%;3%;3%;3%;3%;7%;14%;8%;;;;;;;;;;;;;;;;;;;;;;;;;;;;;;;;;;;;;;;;;;;;;;;;;;;;;;;;;
1983;1%;5%;3%;2%;1%;1%;6%;2%;6%;8%;8%;5%;9%;12%;10%;5%;2%;13%;4%;3%;2%;15%;5%;5%;2%;4%;2%;2%;2%;3%;2%;3%;4%;4%;2%;4%;4%;2%;2%;4%;3%;2%;2%;2%;4%;5%;2%;5%;-1%;2%;9%;4%;16%;5%;3%;5%;4%;5%;10%;5%;4%;5%;4%;2%;5%;2%;8%;9%;7%;8%;7%;3%;3%;3%;3%;6%;14%;8%;;;;;;;;;;;;;;;;;;;;;;;;;;;;;;;;;;;;;;;;;;;;;;;;;;;;;;;;;
1984;1%;5%;2%;2%;1%;1%;6%;2%;6%;8%;7%;5%;9%;13%;10%;5%;2%;14%;4%;3%;1%;15%;5%;5%;2%;4%;2%;2%;2%;3%;2%;3%;4%;4%;2%;4%;4%;2%;2%;4%;3%;2%;2%;2%;4%;5%;2%;5%;-1%;2%;9%;4%;16%;5%;3%;5%;4%;5%;10%;5%;4%;5%;4%;2%;5%;2%;8%;10%;7%;8%;7%;3%;3%;3%;3%;6%;14%;8%;;;;;;;;;;;;;;;;;;;;;;;;;;;;;;;;;;;;;;;;;;;;;;;;;;;;;;;;;
1985;1%;5%;3%;2%;1%;1%;6%;2%;6%;8%;6%;4%;9%;12%;10%;5%;2%;14%;4%;3%;2%;15%;5%;5%;2%;4%;2%;2%;2%;3%;2%;3%;4%;4%;2%;4%;4%;2%;2%;4%;3%;2%;2%;2%;4%;5%;2%;5%;-1%;2%;9%;3%;16%;5%;3%;5%;4%;5%;10%;5%;4%;5%;4%;2%;5%;2%;8%;10%;7%;8%;7%;3%;3%;3%;3%;6%;14%;7%;;;;;;;;;;;;;;;;;;;;;;;;;;;;;;;;;;;;;;;;;;;;;;;;;;;;;;;;;
1986;1%;5%;3%;2%;1%;1%;6%;2%;6%;8%;4%;5%;9%;12%;10%;5%;2%;13%;4%;3%;2%;15%;5%;5%;2%;4%;2%;2%;2%;3%;2%;3%;4%;4%;2%;4%;4%;2%;2%;4%;4%;2%;2%;2%;4%;5%;2%;5%;-1%;2%;9%;3%;16%;5%;3%;5%;4%;5%;10%;5%;4%;5%;4%;2%;5%;2%;8%;10%;6%;8%;7%;3%;2%;3%;3%;6%;14%;7%;;;;;;;;;;;;;;;;;;;;;;;;;;;;;;;;;;;;;;;;;;;;;;;;;;;;;;;;;
1987;1%;5%;3%;2%;1%;1%;6%;2%;6%;8%;1%;5%;10%;12%;10%;5%;2%;13%;4%;3%;2%;15%;5%;5%;2%;4%;2%;2%;2%;3%;2%;3%;4%;4%;3%;4%;4%;2%;2%;4%;4%;2%;2%;2%;4%;5%;2%;5%;-1%;2%;9%;3%;16%;5%;3%;5%;4%;5%;10%;5%;4%;5%;4%;2%;5%;2%;7%;10%;5%;8%;7%;3%;2%;3%;3%;6%;14%;7%;;;;;;;;;;;;;;;;;;;;;;;;;;;;;;;;;;;;;;;;;;;;;;;;;;;;;;;;;
1988;1%;5%;3%;2%;1%;1%;6%;2%;6%;8%;0%;5%;10%;12%;10%;6%;2%;13%;4%;3%;2%;15%;5%;5%;2%;4%;2%;2%;2%;3%;2%;3%;4%;4%;3%;4%;4%;2%;2%;4%;5%;2%;2%;2%;4%;5%;2%;5%;-1%;2%;9%;3%;16%;5%;3%;5%;4%;5%;9%;5%;4%;5%;4%;2%;5%;2%;7%;10%;5%;8%;7%;3%;2%;3%;3%;6%;14%;7%;;;;;;;;;;;;;;;;;;;;;;;;;;;;;;;;;;;;;;;;;;;;;;;;;;;;;;;;;
1989;1%;5%;3%;2%;1%;1%;6%;2%;6%;7%;-0%;6%;9%;12%;10%;5%;2%;12%;4%;3%;2%;15%;5%;5%;2%;4%;2%;2%;2%;3%;2%;3%;4%;4%;3%;4%;4%;2%;1%;4%;5%;2%;2%;2%;4%;5%;2%;5%;-1%;2%;9%;3%;16%;5%;3%;5%;4%;5%;9%;5%;4%;5%;4%;2%;5%;2%;7%;10%;5%;7%;7%;3%;2%;3%;3%;6%;14%;7%;;;;;;;;;;;;;;;;;;;;;;;;;;;;;;;;;;;;;;;;;;;;;;;;;;;;;;;;;
1990;1%;5%;3%;2%;1%;1%;6%;2%;5%;7%;-1%;6%;9%;13%;10%;5%;2%;12%;4%;3%;2%;15%;5%;5%;2%;4%;2%;2%;2%;3%;2%;3%;4%;4%;3%;4%;4%;2%;2%;4%;5%;2%;2%;2%;4%;4%;2%;5%;-1%;2%;9%;3%;16%;5%;3%;5%;4%;5%;9%;5%;4%;5%;4%;2%;5%;2%;7%;10%;5%;7%;7%;3%;2%;3%;3%;6%;14%;7%;;;;;;;;;;;;;;;;;;;;;;;;;;;;;;;;;;;;;;;;;;;;;;;;;;;;;;;;;
1991;1%;5%;3%;2%;1%;1%;6%;2%;5%;7%;-0%;7%;9%;13%;10%;5%;2%;12%;4%;3%;2%;15%;5%;5%;2%;4%;2%;2%;2%;3%;2%;3%;4%;4%;4%;4%;4%;2%;1%;4%;5%;2%;2%;2%;4%;4%;2%;5%;-1%;2%;9%;4%;16%;5%;3%;5%;3%;5%;9%;5%;4%;5%;4%;2%;5%;2%;7%;9%;5%;7%;7%;3%;3%;3%;3%;6%;14%;7%;;;;;;;;;;;;;;;;;;;;;;;;;;;;;;;;;;;;;;;;;;;;;;;;;;;;;;;;;
1992;1%;5%;2%;2%;1%;1%;6%;3%;5%;6%;-1%;7%;8%;12%;10%;5%;2%;12%;4%;3%;1%;15%;5%;5%;2%;4%;2%;2%;2%;3%;2%;3%;4%;4%;4%;4%;4%;2%;1%;4%;5%;2%;2%;2%;4%;4%;2%;5%;-1%;2%;9%;3%;16%;5%;3%;5%;3%;5%;9%;5%;4%;5%;4%;2%;5%;2%;6%;9%;5%;7%;6%;3%;2%;3%;3%;6%;14%;7%;;;;;;;;;;;;;;;;;;;;;;;;;;;;;;;;;;;;;;;;;;;;;;;;;;;;;;;;;
1993;1%;5%;2%;2%;1%;1%;6%;3%;5%;6%;1%;7%;8%;12%;10%;6%;2%;10%;4%;3%;1%;15%;5%;5%;2%;4%;2%;2%;2%;3%;2%;3%;4%;4%;4%;4%;4%;3%;1%;4%;4%;2%;2%;2%;4%;4%;2%;5%;-1%;2%;9%;3%;16%;5%;3%;5%;3%;5%;9%;5%;4%;5%;4%;2%;5%;1%;6%;8%;5%;7%;6%;3%;3%;3%;3%;6%;14%;6%;;;;;;;;;;;;;;;;;;;;;;;;;;;;;;;;;;;;;;;;;;;;;;;;;;;;;;;;;
1994;1%;5%;2%;2%;1%;1%;6%;3%;5%;5%;2%;7%;8%;12%;10%;6%;2%;8%;4%;2%;1%;15%;5%;5%;2%;4%;2%;2%;2%;3%;2%;3%;4%;5%;4%;4%;4%;3%;1%;4%;4%;2%;4%;2%;4%;4%;2%;5%;-2%;2%;9%;4%;16%;5%;3%;5%;3%;5%;8%;5%;4%;5%;4%;2%;4%;1%;6%;8%;4%;7%;6%;3%;3%;3%;3%;6%;14%;6%;;;;;;;;;;;;;;;;;;;;;;;;;;;;;;;;;;;;;;;;;;;;;;;;;;;;;;;;;
1995;1%;4%;2%;2%;1%;0%;6%;4%;5%;5%;3%;7%;7%;6%;10%;5%;2%;6%;4%;2%;1%;15%;5%;5%;2%;4%;2%;2%;2%;3%;2%;3%;4%;5%;4%;4%;4%;3%;1%;4%;4%;2%;4%;2%;4%;4%;2%;5%;-5%;2%;9%;4%;16%;5%;3%;5%;2%;5%;8%;5%;4%;5%;4%;3%;4%;1%;5%;6%;4%;7%;5%;3%;3%;3%;2%;6%;14%;6%;;;;;;;;;;;;;;;;;;;;;;;;;;;;;;;;;;;;;;;;;;;;;;;;;;;;;;;;;
1996;1%;4%;2%;2%;1%;1%;6%;4%;5%;5%;3%;8%;6%;5%;10%;5%;2%;4%;4%;2%;1%;15%;5%;5%;2%;4%;2%;2%;2%;3%;3%;3%;4%;4%;4%;4%;4%;3%;1%;4%;4%;3%;4%;3%;4%;4%;2%;5%;-5%;2%;8%;4%;15%;5%;3%;5%;2%;5%;8%;5%;4%;5%;3%;3%;4%;1%;4%;5%;3%;7%;5%;2%;3%;3%;3%;6%;14%;6%;;;;;;;;;;;;;;;;;;;;;;;;;;;;;;;;;;;;;;;;;;;;;;;;;;;;;;;;;
1997;1%;4%;1%;2%;1%;1%;5%;4%;5%;5%;2%;8%;6%;4%;10%;5%;2%;2%;4%;2%;1%;15%;5%;5%;2%;4%;2%;2%;2%;3%;3%;3%;4%;4%;4%;4%;4%;3%;1%;4%;4%;4%;3%;3%;4%;4%;2%;5%;-4%;2%;7%;4%;15%;5%;3%;5%;2%;5%;8%;5%;4%;5%;3%;3%;4%;1%;4%;5%;3%;7%;5%;2%;3%;3%;3%;6%;13%;6%;;;;;;;;;;;;;;;;;;;;;;;;;;;;;;;;;;;;;;;;;;;;;;;;;;;;;;;;;
1998;1%;3%;1%;2%;1%;1%;5%;5%;5%;4%;2%;8%;6%;4%;9%;4%;2%;-1%;4%;2%;1%;15%;5%;5%;2%;4%;2%;2%;2%;3%;3%;3%;4%;4%;4%;4%;4%;3%;1%;4%;4%;4%;3%;4%;4%;4%;2%;5%;-4%;2%;7%;4%;15%;5%;3%;5%;2%;5%;8%;5%;4%;5%;3%;4%;4%;1%;3%;5%;2%;7%;5%;2%;3%;3%;3%;5%;13%;6%;;;;;;;;;;;;;;;;;;;;;;;;;;;;;;;;;;;;;;;;;;;;;;;;;;;;;;;;;
1999;1%;3%;2%;2%;1%;2%;5%;5%;5%;4%;3%;7%;6%;5%;9%;5%;2%;-3%;4%;2%;1%;15%;5%;5%;2%;4%;2%;2%;2%;3%;3%;3%;4%;4%;3%;4%;4%;3%;1%;4%;4%;5%;3%;4%;4%;4%;2%;5%;-2%;2%;6%;4%;14%;5%;3%;5%;2%;5%;8%;5%;4%;5%;4%;3%;4%;1%;3%;5%;2%;6%;4%;2%;3%;3%;3%;5%;13%;6%;;;;;;;;;;;;;;;;;;;;;;;;;;;;;;;;;;;;;;;;;;;;;;;;;;;;;;;;;
2000;1%;3%;2%;2%;1%;2%;5%;6%;5%;4%;4%;8%;6%;5%;9%;5%;2%;-5%;4%;2%;1%;15%;5%;5%;2%;4%;2%;2%;2%;3%;3%;3%;4%;4%;3%;4%;4%;3%;1%;4%;4%;5%;3%;4%;4%;4%;2%;5%;-2%;2%;6%;4%;14%;5%;3%;5%;2%;5%;8%;5%;4%;5%;4%;3%;4%;1%;3%;5%;1%;6%;4%;2%;3%;3%;3%;5%;12%;6%;;;;;;;;;;;;;;;;;;;;;;;;;;;;;;;;;;;;;;;;;;;;;;;;;;;;;;;;;
2001;1%;3%;2%;2%;2%;2%;5%;6%;5%;4%;3%;8%;6%;5%;7%;5%;2%;-4%;4%;2%;1%;15%;5%;5%;2%;4%;2%;2%;2%;3%;2%;3%;4%;4%;4%;4%;4%;3%;1%;4%;4%;5%;3%;4%;4%;4%;2%;5%;-1%;2%;6%;4%;14%;5%;3%;5%;2%;5%;7%;5%;4%;5%;4%;2%;4%;1%;3%;5%;2%;6%;4%;2%;2%;3%;3%;5%;12%;6%;;;;;;;;;;;;;;;;;;;;;;;;;;;;;;;;;;;;;;;;;;;;;;;;;;;;;;;;;
2002;2%;3%;2%;2%;2%;2%;5%;6%;5%;4%;2%;9%;6%;5%;6%;6%;2%;-5%;4%;2%;1%;14%;5%;5%;2%;3%;2%;2%;2%;3%;2%;3%;4%;4%;4%;4%;4%;3%;1%;4%;4%;5%;3%;4%;3%;4%;2%;5%;-0%;2%;6%;4%;14%;5%;2%;5%;2%;5%;7%;5%;4%;5%;4%;3%;4%;1%;3%;5%;1%;6%;4%;2%;2%;3%;3%;5%;12%;6%;;;;;;;;;;;;;;;;;;;;;;;;;;;;;;;;;;;;;;;;;;;;;;;;;;;;;;;;;
2003;2%;3%;1%;2%;1%;2%;4%;7%;5%;4%;3%;8%;6%;5%;7%;5%;2%;-6%;4%;2%;0%;14%;5%;5%;2%;4%;2%;2%;2%;2%;2%;3%;4%;4%;3%;4%;4%;3%;1%;4%;4%;5%;3%;4%;3%;4%;2%;5%;-0%;2%;6%;3%;14%;5%;2%;4%;2%;5%;7%;5%;4%;5%;4%;2%;4%;1%;3%;5%;1%;6%;4%;2%;2%;3%;3%;5%;12%;6%;;;;;;;;;;;;;;;;;;;;;;;;;;;;;;;;;;;;;;;;;;;;;;;;;;;;;;;;;
2004;2%;4%;1%;2%;2%;2%;4%;7%;5%;3%;4%;9%;6%;6%;7%;5%;2%;-6%;4%;2%;0%;14%;5%;5%;2%;4%;2%;2%;2%;2%;2%;3%;4%;4%;3%;4%;4%;4%;1%;4%;4%;5%;3%;4%;3%;5%;2%;5%;0%;2%;6%;3%;13%;5%;2%;4%;2%;5%;7%;4%;4%;5%;4%;3%;4%;1%;3%;5%;2%;6%;5%;2%;2%;3%;3%;5%;12%;6%;;;;;;;;;;;;;;;;;;;;;;;;;;;;;;;;;;;;;;;;;;;;;;;;;;;;;;;;;
2005;2%;3%;1%;2%;2%;2%;4%;7%;5%;3%;5%;9%;6%;6%;6%;5%;2%;-5%;4%;3%;0%;14%;5%;5%;2%;4%;2%;2%;2%;2%;2%;2%;4%;4%;4%;4%;4%;4%;1%;4%;4%;5%;3%;4%;3%;5%;2%;5%;0%;2%;6%;3%;13%;5%;2%;4%;2%;5%;7%;4%;4%;4%;4%;3%;5%;1%;3%;5%;2%;6%;4%;2%;2%;3%;3%;5%;11%;5%;;;;;;;;;;;;;;;;;;;;;;;;;;;;;;;;;;;;;;;;;;;;;;;;;;;;;;;;;
2006;2%;3%;1%;2%;2%;2%;4%;7%;4%;3%;6%;9%;6%;6%;6%;5%;2%;-5%;4%;2%;0%;14%;5%;5%;2%;5%;2%;2%;2%;2%;3%;2%;4%;4%;4%;4%;4%;4%;1%;4%;4%;5%;3%;4%;4%;5%;2%;5%;-1%;2%;6%;3%;12%;5%;2%;4%;2%;5%;7%;4%;4%;5%;4%;3%;5%;1%;3%;5%;2%;6%;4%;2%;2%;3%;3%;5%;11%;5%;;;;;;;;;;;;;;;;;;;;;;;;;;;;;;;;;;;;;;;;;;;;;;;;;;;;;;;;;
2007;1%;3%;1%;2%;2%;1%;4%;7%;4%;3%;5%;8%;6%;6%;5%;5%;2%;-3%;4%;2%;-0%;14%;5%;5%;2%;4%;2%;2%;2%;2%;2%;2%;5%;4%;3%;4%;4%;4%;1%;4%;4%;5%;3%;5%;4%;5%;2%;5%;-4%;2%;6%;3%;12%;5%;2%;4%;1%;5%;6%;4%;4%;5%;4%;3%;5%;2%;3%;5%;2%;5%;4%;1%;2%;3%;3%;4%;11%;5%;;;;;;;;;;;;;;;;;;;;;;;;;;;;;;;;;;;;;;;;;;;;;;;;;;;;;;;;;
2008;1%;3%;-0%;2%;2%;0%;4%;7%;4%;2%;5%;8%;6%;6%;5%;6%;2%;-4%;4%;3%;-1%;14%;5%;5%;2%;5%;2%;2%;2%;2%;2%;2%;5%;4%;4%;4%;4%;4%;1%;4%;4%;5%;4%;5%;4%;5%;2%;5%;-8%;2%;5%;3%;12%;5%;2%;4%;1%;5%;6%;4%;4%;5%;4%;3%;5%;1%;3%;5%;2%;5%;4%;1%;2%;3%;3%;4%;10%;5%;;;;;;;;;;;;;;;;;;;;;;;;;;;;;;;;;;;;;;;;;;;;;;;;;;;;;;;;;
2009;1%;3%;-1%;2%;2%;0%;4%;7%;5%;3%;3%;7%;5%;5%;4%;6%;2%;-9%;4%;3%;-2%;14%;5%;5%;2%;5%;2%;2%;2%;2%;3%;2%;5%;4%;4%;4%;4%;4%;1%;4%;4%;5%;4%;5%;4%;5%;2%;5%;-8%;2%;5%;3%;11%;5%;2%;4%;1%;5%;7%;4%;4%;5%;4%;3%;4%;2%;2%;4%;0%;5%;4%;0%;2%;3%;3%;4%;10%;5%;;;;;;;;;;;;;;;;;;;;;;;;;;;;;;;;;;;;;;;;;;;;;;;;;;;;;;;;;
2010;1%;3%;-1%;2%;2%;1%;3%;5%;4%;3%;3%;8%;5%;5%;3%;6%;2%;-9%;3%;2%;-2%;14%;5%;5%;2%;5%;2%;2%;2%;2%;3%;3%;5%;4%;4%;4%;4%;4%;1%;4%;4%;5%;4%;5%;5%;5%;2%;5%;-7%;2%;3%;3%;7%;5%;1%;4%;1%;5%;6%;3%;4%;5%;4%;3%;4%;1%;2%;4%;1%;4%;4%;0%;2%;3%;3%;3%;6%;5%;;;;;;;;;;;;;;;;;;;;;;;;;;;;;;;;;;;;;;;;;;;;;;;;;;;;;;;;;
2011;1%;3%;-1%;2%;2%;1%;3%;4%;4%;3%;3%;7%;5%;4%;2%;7%;3%;-9%;3%;2%;-2%;14%;5%;5%;2%;5%;2%;2%;2%;2%;3%;4%;5%;4%;5%;4%;4%;4%;1%;4%;4%;5%;4%;5%;5%;5%;2%;5%;-6%;2%;3%;3%;7%;5%;2%;4%;1%;5%;6%;3%;4%;5%;4%;3%;4%;2%;2%;4%;1%;4%;3%;0%;2%;3%;3%;3%;6%;5%;;;;;;;;;;;;;;;;;;;;;;;;;;;;;;;;;;;;;;;;;;;;;;;;;;;;;;;;;
2012;1%;3%;-1%;2%;2%;1%;3%;4%;5%;3%;4%;7%;5%;4%;2%;7%;4%;-11%;3%;2%;-2%;14%;5%;5%;2%;5%;2%;2%;2%;2%;3%;4%;4%;4%;4%;4%;4%;4%;1%;4%;4%;5%;4%;5%;5%;5%;2%;5%;-5%;2%;4%;4%;7%;5%;2%;4%;1%;5%;6%;3%;4%;5%;4%;3%;5%;1%;2%;4%;1%;4%;3%;0%;2%;3%;3%;4%;6%;5%;;;;;;;;;;;;;;;;;;;;;;;;;;;;;;;;;;;;;;;;;;;;;;;;;;;;;;;;;
2013;1%;3%;-0%;2%;2%;1%;3%;5%;5%;3%;4%;6%;5%;4%;2%;6%;4%;-11%;3%;3%;-1%;14%;5%;5%;2%;5%;2%;2%;2%;2%;3%;4%;4%;4%;4%;4%;4%;4%;1%;4%;4%;5%;4%;5%;5%;5%;2%;5%;-4%;2%;4%;4%;7%;5%;2%;4%;1%;5%;6%;3%;4%;5%;4%;4%;5%;1%;2%;4%;1%;4%;3%;1%;2%;3%;3%;4%;6%;5%;;;;;;;;;;;;;;;;;;;;;;;;;;;;;;;;;;;;;;;;;;;;;;;;;;;;;;;;;
2014;1%;3%;0%;2%;2%;2%;3%;5%;5%;3%;4%;6%;5%;4%;2%;7%;4%;-11%;3%;2%;-1%;14%;5%;5%;2%;5%;2%;2%;2%;2%;3%;4%;4%;4%;4%;4%;4%;4%;1%;4%;4%;5%;4%;5%;5%;5%;3%;5%;-3%;2%;4%;4%;7%;5%;2%;4%;1%;5%;6%;3%;4%;5%;4%;3%;5%;1%;2%;4%;1%;4%;3%;1%;3%;3%;3%;4%;6%;5%;;;;;;;;;;;;;;;;;;;;;;;;;;;;;;;;;;;;;;;;;;;;;;;;;;;;;;;;;
2015;1%;3%;0%;2%;2%;2%;3%;5%;5%;3%;4%;7%;5%;5%;3%;7%;4%;-11%;3%;2%;-1%;14%;5%;5%;2%;5%;2%;2%;2%;2%;3%;4%;4%;4%;4%;4%;4%;4%;1%;4%;4%;5%;4%;5%;5%;5%;3%;5%;-3%;2%;3%;4%;6%;5%;2%;4%;1%;5%;6%;3%;4%;5%;4%;4%;5%;1%;3%;4%;1%;4%;3%;1%;2%;3%;3%;4%;6%;5%;;;;;;;;;;;;;;;;;;;;;;;;;;;;;;;;;;;;;;;;;;;;;;;;;;;;;;;;;
2016;2%;3%;1%;2%;2%;2%;3%;5%;5%;3%;4%;7%;5%;4%;3%;8%;4%;-11%;3%;2%;-0%;14%;5%;5%;2%;5%;2%;2%;2%;2%;3%;4%;4%;4%;5%;4%;4%;4%;1%;4%;4%;5%;4%;5%;4%;5%;3%;5%;-3%;2%;4%;4%;6%;5%;2%;4%;1%;5%;6%;3%;4%;5%;4%;4%;5%;1%;3%;4%;1%;4%;3%;1%;2%;3%;3%;4%;6%;5%;;;;;;;;;;;;;;;;;;;;;;;;;;;;;;;;;;;;;;;;;;;;;;;;;;;;;;;;;
2017;2%;3%;1%;2%;2%;2%;3%;5%;5%;3%;4%;7%;5%;4%;3%;8%;5%;-11%;3%;2%;-0%;14%;5%;5%;2%;5%;2%;2%;2%;2%;3%;4%;4%;4%;4%;4%;4%;3%;1%;4%;4%;5%;4%;5%;4%;5%;3%;5%;-2%;2%;4%;4%;6%;5%;2%;4%;1%;5%;6%;3%;5%;5%;4%;3%;5%;1%;3%;4%;1%;4%;3%;2%;2%;3%;3%;4%;6%;5%;;;;;;;;;;;;;;;;;;;;;;;;;;;;;;;;;;;;;;;;;;;;;;;;;;;;;;;;;
2018;2%;3%;1%;2%;2%;2%;3%;5%;5%;3%;4%;7%;5%;5%;3%;9%;4%;-11%;3%;2%;0%;14%;5%;5%;2%;5%;2%;2%;2%;2%;2%;4%;4%;4%;4%;4%;4%;3%;0%;4%;5%;5%;4%;5%;4%;5%;4%;5%;-2%;3%;3%;4%;6%;5%;2%;4%;1%;5%;7%;2%;5%;5%;4%;4%;5%;1%;3%;4%;2%;4%;4%;2%;2%;3%;3%;4%;6%;5%;;;;;;;;;;;;;;;;;;;;;;;;;;;;;;;;;;;;;;;;;;;;;;;;;;;;;;;;;
2019;2%;3%;1%;2%;2%;2%;3%;5%;5%;3%;4%;7%;5%;5%;3%;10%;4%;-11%;3%;2%;0%;14%;5%;5%;2%;5%;2%;2%;2%;2%;2%;4%;4%;4%;4%;4%;4%;3%;0%;4%;5%;5%;5%;5%;4%;5%;4%;5%;-2%;3%;3%;4%;6%;5%;2%;4%;1%;5%;7%;3%;5%;5%;4%;4%;5%;1%;3%;4%;2%;4%;4%;2%;2%;3%;3%;4%;6%;5%;;;;;;;;;;;;;;;;;;;;;;;;;;;;;;;;;;;;;;;;;;;;;;;;;;;;;;;;;
2020;2%;3%;1%;2%;2%;2%;3%;5%;5%;3%;4%;7%;5%;5%;3%;10%;4%;-11%;3%;2%;0%;14%;5%;5%;2%;5%;2%;2%;2%;2%;2%;4%;4%;4%;5%;4%;4%;4%;0%;3%;5%;5%;5%;5%;4%;5%;4%;5%;-2%;3%;3%;4%;6%;5%;2%;4%;1%;5%;7%;3%;5%;5%;4%;4%;5%;1%;3%;4%;2%;4%;4%;2%;2%;3%;3%;3%;6%;5%;;;;;;;;;;;;;;;;;;;;;;;;;;;;;;;;;;;;;;;;;;;;;;;;;;;;;;;;;
2021;2%;3%;2%;2%;2%;2%;3%;5%;5%;3%;4%;7%;5%;5%;3%;10%;4%;-11%;3%;2%;1%;14%;5%;5%;2%;5%;2%;2%;2%;2%;2%;4%;4%;4%;5%;4%;4%;4%;0%;3%;5%;5%;4%;5%;5%;5%;4%;5%;-2%;3%;3%;4%;6%;5%;2%;4%;1%;5%;7%;2%;5%;5%;4%;3%;5%;1%;3%;4%;2%;4%;4%;2%;2%;3%;3%;3%;6%;5%;;;;;;;;;;;;;;;;;;;;;;;;;;;;;;;;;;;;;;;;;;;;;;;;;;;;;;;;;
2022;2%;3%;2%;2%;1%;2%;3%;5%;5%;3%;4%;7%;5%;5%;3%;10%;4%;-11%;3%;2%;1%;14%;5%;5%;2%;5%;2%;2%;2%;2%;2%;4%;4%;4%;5%;4%;4%;3%;0%;3%;5%;5%;4%;5%;5%;5%;4%;5%;-2%;3%;3%;4%;6%;5%;2%;4%;1%;5%;6%;2%;5%;5%;4%;3%;5%;1%;3%;4%;2%;4%;3%;2%;2%;3%;3%;3%;6%;5%;;;;;;;;;;;;;;;;;;;;;;;;;;;;;;;;;;;;;;;;;;;;;;;;;;;;;;;;;
2023;2%;3%;2%;2%;1%;2%;3%;5%;5%;3%;4%;7%;5%;5%;3%;10%;4%;-11%;3%;2%;1%;14%;5%;5%;2%;5%;2%;2%;2%;2%;2%;4%;4%;4%;4%;4%;4%;3%;0%;3%;5%;5%;4%;5%;5%;5%;4%;5%;-2%;3%;3%;4%;6%;5%;2%;4%;1%;5%;6%;2%;5%;5%;4%;3%;5%;1%;3%;4%;2%;4%;3%;2%;2%;3%;3%;3%;6%;5%;;;;;;;;;;;;;;;;;;;;;;;;;;;;;;;;;;;;;;;;;;;;;;;;;;;;;;;;;
2024;2%;3%;2%;2%;1%;2%;3%;5%;5%;3%;4%;7%;5%;5%;3%;10%;4%;-11%;3%;2%;1%;14%;5%;5%;2%;4%;2%;2%;2%;2%;2%;4%;4%;4%;4%;4%;4%;3%;0%;3%;5%;5%;4%;5%;5%;4%;4%;5%;-2%;3%;3%;4%;6%;5%;2%;4%;0%;5%;6%;2%;5%;5%;4%;3%;5%;1%;3%;4%;2%;4%;3%;2%;2%;3%;3%;3%;6%;5%;;;;;;;;;;;;;;;;;;;;;;;;;;;;;;;;;;;;;;;;;;;;;;;;;;;;;;;;;
2025;2%;3%;2%;2%;1%;2%;3%;5%;5%;3%;4%;7%;5%;5%;3%;10%;4%;-11%;3%;2%;1%;14%;5%;5%;2%;4%;2%;2%;2%;2%;2%;4%;4%;4%;4%;4%;4%;3%;0%;3%;5%;5%;4%;5%;5%;4%;4%;5%;-2%;3%;3%;4%;6%;5%;2%;4%;0%;5%;6%;2%;5%;5%;4%;3%;5%;1%;3%;4%;2%;4%;3%;3%;2%;3%;3%;3%;6%;5%;;;;;;;;;;;;;;;;;;;;;;;;;;;;;;;;;;;;;;;;;;;;;;;;;;;;;;;;;
2026;2%;3%;2%;2%;1%;2%;3%;5%;5%;4%;4%;7%;5%;5%;3%;10%;4%;-10%;3%;2%;1%;14%;5%;5%;2%;5%;2%;2%;2%;2%;2%;4%;4%;4%;5%;4%;4%;3%;0%;4%;5%;5%;5%;5%;5%;5%;4%;5%;-2%;3%;3%;4%;6%;5%;2%;4%;0%;5%;6%;3%;5%;5%;5%;4%;5%;1%;3%;5%;2%;4%;4%;3%;2%;3%;3%;3%;6%;5%;;;;;;;;;;;;;;;;;;;;;;;;;;;;;;;;;;;;;;;;;;;;;;;;;;;;;;;;;
2027;2%;4%;3%;2%;2%;3%;3%;5%;5%;4%;5%;7%;6%;5%;3%;10%;5%;-8%;4%;3%;2%;14%;5%;6%;3%;5%;2%;2%;2%;2%;2%;4%;5%;5%;5%;5%;4%;4%;0%;4%;5%;5%;5%;5%;5%;5%;4%;5%;-1%;3%;3%;4%;6%;5%;2%;4%;1%;5%;6%;3%;5%;5%;5%;4%;5%;1%;4%;5%;3%;5%;4%;3%;3%;3%;4%;4%;6%;5%;;;;;;;;;;;;;;;;;;;;;;;;;;;;;;;;;;;;;;;;;;;;;;;;;;;;;;;;;
2028;2%;5%;3%;3%;2%;3%;4%;6%;5%;5%;6%;8%;6%;6%;4%;10%;6%;-7%;4%;3%;2%;14%;6%;6%;3%;5%;3%;3%;3%;3%;3%;5%;5%;5%;5%;5%;4%;4%;1%;4%;6%;6%;5%;6%;6%;6%;5%;6%;-1%;3%;4%;5%;7%;6%;3%;5%;1%;6%;7%;3%;5%;6%;5%;4%;5%;2%;5%;6%;4%;5%;5%;4%;3%;4%;4%;4%;6%;6%;;;;;;;;;;;;;;;;;;;;;;;;;;;;;;;;;;;;;;;;;;;;;;;;;;;;;;;;;
2029;3%;5%;4%;3%;2%;3%;4%;6%;6%;5%;7%;8%;7%;7%;5%;11%;7%;-5%;5%;4%;3%;15%;6%;6%;3%;5%;3%;3%;3%;3%;3%;5%;5%;5%;6%;5%;4%;4%;1%;4%;6%;6%;6%;6%;6%;6%;5%;6%;0%;4%;4%;5%;7%;6%;3%;5%;1%;6%;7%;4%;6%;6%;5%;4%;5%;2%;5%;6%;5%;5%;6%;4%;3%;4%;5%;5%;7%;6%;;;;;;;;;;;;;;;;;;;;;;;;;;;;;;;;;;;;;;;;;;;;;;;;;;;;;;;;;
2030;3%;6%;4%;3%;3%;4%;5%;6%;6%;6%;8%;9%;8%;7%;5%;11%;8%;-4%;5%;5%;4%;15%;6%;7%;3%;6%;3%;3%;3%;3%;3%;5%;6%;6%;6%;6%;4%;5%;1%;5%;7%;7%;6%;7%;7%;7%;6%;7%;1%;4%;5%;5%;7%;6%;4%;5%;1%;6%;7%;4%;6%;7%;6%;5%;6%;2%;6%;7%;6%;6%;6%;5%;3%;4%;5%;5%;7%;6%;;;;;;;;;;;;;;;;;;;;;;;;;;;;;;;;;;;;;;;;;;;;;;;;;;;;;;;;;
2031;3%;6%;5%;4%;3%;4%;5%;6%;6%;7%;9%;9%;9%;8%;6%;12%;9%;-3%;6%;5%;4%;15%;7%;7%;3%;6%;4%;4%;4%;4%;3%;6%;6%;6%;7%;6%;5%;5%;2%;5%;7%;8%;7%;7%;8%;7%;6%;7%;2%;4%;5%;6%;7%;7%;4%;5%;1%;7%;8%;5%;7%;7%;6%;5%;6%;2%;7%;8%;7%;6%;7%;5%;4%;5%;6%;6%;7%;7%;;;;;;;;;;;;;;;;;;;;;;;;;;;;;;;;;;;;;;;;;;;;;;;;;;;;;;;;;
2032;4%;7%;5%;4%;3%;5%;6%;7%;7%;7%;9%;10%;9%;9%;6%;12%;10%;-1%;7%;6%;5%;16%;7%;8%;4%;7%;4%;4%;4%;4%;4%;6%;7%;7%;7%;6%;5%;6%;2%;6%;8%;8%;7%;8%;8%;8%;7%;8%;2%;5%;6%;6%;8%;7%;5%;6%;1%;7%;8%;5%;7%;8%;7%;5%;7%;3%;8%;8%;7%;7%;8%;6%;4%;5%;6%;6%;7%;7%;;;;;;;;;;;;;;;;;;;;;;;;;;;;;;;;;;;;;;;;;;;;;;;;;;;;;;;;;
2033;4%;8%;6%;4%;4%;6%;6%;7%;7%;8%;10%;10%;10%;9%;7%;13%;11%;0%;7%;7%;6%;16%;8%;8%;4%;7%;4%;5%;5%;4%;4%;7%;8%;8%;8%;7%;5%;6%;2%;7%;9%;9%;8%;9%;9%;8%;8%;9%;3%;6%;7%;7%;8%;8%;5%;6%;2%;8%;9%;6%;8%;9%;7%;6%;7%;3%;9%;9%;8%;7%;8%;7%;5%;6%;7%;7%;8%;8%;;;;;;;;;;;;;;;;;;;;;;;;;;;;;;;;;;;;;;;;;;;;;;;;;;;;;;;;;
2034;4%;8%;7%;5%;4%;6%;7%;7%;8%;9%;11%;11%;11%;10%;8%;13%;12%;1%;8%;7%;6%;16%;8%;9%;4%;8%;5%;5%;5%;5%;5%;7%;8%;8%;8%;7%;6%;7%;3%;7%;9%;10%;9%;9%;10%;9%;8%;10%;4%;6%;7%;8%;8%;9%;6%;6%;2%;9%;9%;7%;8%;9%;8%;6%;7%;4%;10%;10%;9%;8%;9%;7%;5%;6%;8%;7%;8%;8%;;;;;;;;;;;;;;;;;;;;;;;;;;;;;;;;;;;;;;;;;;;;;;;;;;;;;;;;;
2035;5%;9%;7%;5%;5%;7%;8%;7%;9%;9%;12%;11%;12%;11%;9%;14%;12%;3%;9%;8%;7%;17%;9%;9%;4%;9%;5%;6%;6%;6%;5%;8%;9%;9%;9%;8%;6%;7%;3%;8%;10%;11%;9%;10%;11%;10%;9%;11%;5%;7%;8%;8%;8%;9%;6%;6%;2%;9%;10%;7%;9%;10%;9%;7%;8%;4%;10%;11%;10%;8%;10%;8%;6%;7%;8%;8%;8%;9%;;;;;;;;;;;;;;;;;;;;;;;;;;;;;;;;;;;;;;;;;;;;;;;;;;;;;;;;;
2036;5%;10%;8%;6%;5%;8%;8%;8%;9%;10%;13%;12%;12%;12%;9%;14%;13%;4%;10%;9%;8%;17%;9%;10%;5%;9%;6%;6%;6%;6%;6%;8%;10%;10%;10%;8%;6%;8%;4%;9%;11%;11%;10%;11%;12%;11%;10%;12%;6%;8%;8%;9%;9%;10%;7%;7%;3%;10%;10%;8%;10%;11%;9%;8%;9%;5%;11%;11%;11%;9%;10%;9%;6%;7%;9%;9%;9%;10%;;;;;;;;;;;;;;;;;;;;;;;;;;;;;;;;;;;;;;;;;;;;;;;;;;;;;;;;;
2037;6%;11%;9%;7%;6%;9%;9%;8%;10%;11%;14%;13%;13%;12%;10%;15%;14%;5%;10%;9%;8%;18%;10%;11%;5%;10%;6%;7%;7%;7%;7%;9%;10%;10%;11%;9%;7%;9%;5%;10%;12%;12%;11%;12%;13%;12%;11%;13%;7%;9%;9%;10%;9%;11%;7%;7%;3%;11%;11%;9%;10%;12%;10%;8%;9%;6%;12%;12%;12%;10%;11%;9%;7%;8%;10%;9%;9%;10%;;;;;;;;;;;;;;;;;;;;;;;;;;;;;;;;;;;;;;;;;;;;;;;;;;;;;;;;;
2038;7%;11%;9%;7%;7%;10%;10%;8%;11%;11%;14%;13%;14%;13%;10%;16%;15%;6%;11%;10%;9%;18%;11%;11%;6%;11%;7%;8%;8%;7%;7%;10%;11%;11%;11%;10%;8%;9%;6%;11%;13%;13%;12%;13%;14%;13%;12%;14%;8%;10%;10%;10%;9%;11%;8%;8%;4%;12%;12%;10%;11%;13%;11%;9%;10%;6%;13%;13%;13%;10%;12%;10%;8%;9%;11%;10%;9%;11%;;;;;;;;;;;;;;;;;;;;;;;;;;;;;;;;;;;;;;;;;;;;;;;;;;;;;;;;;
2039;7%;12%;10%;8%;7%;11%;11%;9%;12%;12%;15%;14%;15%;14%;11%;16%;16%;7%;12%;11%;10%;19%;11%;12%;7%;11%;8%;8%;8%;8%;8%;10%;12%;12%;12%;10%;8%;10%;6%;12%;14%;14%;13%;14%;15%;14%;14%;15%;9%;11%;11%;11%;10%;12%;9%;8%;5%;13%;12%;11%;12%;14%;12%;10%;11%;7%;14%;13%;14%;11%;13%;11%;8%;10%;12%;11%;10%;12%;;;;;;;;;;;;;;;;;;;;;;;;;;;;;;;;;;;;;;;;;;;;;;;;;;;;;;;;;
2040;8%;13%;11%;9%;8%;12%;11%;9%;12%;13%;16%;14%;15%;15%;12%;17%;17%;9%;13%;12%;11%;19%;12%;12%;7%;12%;9%;9%;9%;9%;9%;11%;13%;13%;13%;11%;9%;10%;7%;14%;15%;15%;14%;15%;16%;15%;15%;16%;10%;12%;12%;12%;10%;12%;9%;9%;5%;13%;13%;12%;13%;15%;13%;10%;12%;8%;14%;14%;15%;12%;13%;11%;9%;10%;13%;12%;10%;13%;;;;;;;;;;;;;;;;;;;;;;;;;;;;;;;;;;;;;;;;;;;;;;;;;;;;;;;;;
2041;9%;13%;12%;10%;9%;13%;12%;10%;13%;14%;17%;15%;16%;15%;12%;17%;18%;10%;14%;12%;11%;20%;13%;13%;8%;13%;9%;10%;10%;10%;10%;12%;14%;13%;14%;12%;10%;11%;8%;15%;16%;16%;15%;16%;17%;16%;16%;17%;11%;13%;13%;13%;11%;13%;10%;9%;6%;14%;14%;13%;14%;16%;13%;11%;12%;9%;15%;15%;15%;13%;14%;12%;10%;11%;15%;13%;11%;14%;;;;;;;;;;;;;;;;;;;;;;;;;;;;;;;;;;;;;;;;;;;;;;;;;;;;;;;;;
2042;10%;14%;12%;10%;10%;14%;13%;10%;14%;14%;18%;16%;17%;16%;13%;18%;19%;11%;14%;13%;12%;20%;13%;13%;9%;14%;10%;11%;11%;11%;10%;13%;15%;14%;15%;12%;11%;12%;9%;16%;17%;18%;16%;18%;19%;17%;17%;18%;12%;14%;13%;14%;11%;14%;10%;10%;7%;15%;15%;14%;15%;17%;14%;12%;13%;10%;16%;16%;16%;14%;15%;13%;11%;12%;16%;14%;11%;15%;;;;;;;;;;;;;;;;;;;;;;;;;;;;;;;;;;;;;;;;;;;;;;;;;;;;;;;;;
2043;11%;15%;13%;11%;10%;15%;14%;10%;15%;15%;18%;16%;17%;17%;14%;19%;20%;12%;15%;14%;13%;21%;14%;14%;9%;15%;11%;12%;11%;11%;11%;14%;16%;15%;16%;13%;11%;13%;10%;17%;18%;18%;17%;19%;20%;18%;18%;19%;13%;15%;14%;14%;11%;14%;11%;10%;7%;16%;16%;15%;16%;18%;15%;13%;14%;11%;17%;16%;17%;14%;15%;14%;11%;13%;17%;14%;11%;15%;;;;;;;;;;;;;;;;;;;;;;;;;;;;;;;;;;;;;;;;;;;;;;;;;;;;;;;;;
2044;11%;15%;14%;12%;11%;16%;14%;11%;16%;16%;19%;17%;18%;17%;14%;19%;20%;13%;16%;14%;14%;21%;15%;15%;10%;15%;12%;12%;12%;12%;12%;14%;17%;16%;17%;14%;12%;13%;11%;18%;19%;19%;18%;19%;20%;19%;19%;20%;14%;16%;15%;15%;12%;15%;11%;11%;8%;17%;17%;15%;16%;18%;16%;14%;15%;12%;17%;17%;18%;15%;16%;14%;12%;14%;18%;15%;12%;16%;;;;;;;;;;;;;;;;;;;;;;;;;;;;;;;;;;;;;;;;;;;;;;;;;;;;;;;;;
2045;12%;16%;14%;13%;12%;17%;15%;11%;17%;16%;20%;17%;18%;18%;15%;20%;21%;14%;16%;15%;14%;22%;15%;15%;11%;16%;12%;13%;13%;13%;13%;15%;17%;17%;18%;15%;13%;14%;12%;19%;19%;20%;19%;20%;21%;20%;20%;21%;15%;17%;16%;16%;12%;15%;12%;11%;9%;18%;17%;16%;17%;19%;17%;15%;16%;13%;18%;18%;19%;16%;17%;15%;13%;15%;19%;16%;12%;17%;;;;;;;;;;;;;;;;;;;;;;;;;;;;;;;;;;;;;;;;;;;;;;;;;;;;;;;;;
2046;13%;17%;15%;14%;13%;18%;16%;12%;17%;17%;20%;18%;19%;19%;15%;20%;22%;15%;17%;16%;15%;22%;16%;16%;11%;17%;13%;14%;13%;14%;14%;16%;18%;17%;18%;15%;14%;15%;13%;20%;20%;21%;20%;21%;22%;21%;21%;22%;16%;18%;17%;17%;12%;16%;12%;12%;9%;18%;18%;17%;18%;20%;18%;15%;16%;14%;19%;18%;19%;17%;17%;16%;14%;15%;20%;17%;13%;18%;;;;;;;;;;;;;;;;;;;;;;;;;;;;;;;;;;;;;;;;;;;;;;;;;;;;;;;;;
2047;14%;17%;16%;14%;13%;19%;17%;12%;18%;17%;21%;18%;20%;19%;16%;21%;22%;15%;18%;16%;16%;22%;17%;16%;12%;17%;14%;15%;14%;15%;14%;17%;19%;18%;19%;16%;14%;15%;14%;21%;21%;22%;21%;22%;23%;22%;22%;23%;17%;19%;17%;17%;13%;17%;13%;12%;10%;19%;19%;18%;19%;21%;18%;16%;17%;15%;19%;19%;20%;17%;18%;16%;14%;16%;20%;17%;13%;19%;;;;;;;;;;;;;;;;;;;;;;;;;;;;;;;;;;;;;;;;;;;;;;;;;;;;;;;;;
2048;15%;18%;16%;15%;14%;20%;17%;12%;19%;18%;21%;19%;20%;20%;16%;21%;23%;16%;18%;17%;16%;23%;17%;16%;12%;18%;14%;15%;15%;15%;15%;17%;20%;19%;20%;17%;15%;16%;14%;22%;22%;23%;22%;23%;24%;22%;23%;23%;18%;20%;18%;18%;13%;17%;13%;12%;11%;20%;20%;19%;20%;22%;19%;17%;18%;16%;20%;19%;20%;18%;18%;17%;15%;17%;21%;18%;13%;19%;;;;;;;;;;;;;;;;;;;;;;;;;;;;;;;;;;;;;;;;;;;;;;;;;;;;;;;;;
2049;16%;18%;17%;16%;15%;21%;18%;13%;20%;19%;22%;19%;20%;20%;17%;22%;24%;17%;19%;17%;17%;23%;18%;17%;13%;19%;15%;16%;16%;16%;16%;18%;20%;20%;21%;17%;16%;17%;15%;23%;23%;23%;22%;24%;25%;23%;23%;24%;19%;21%;19%;19%;14%;18%;14%;13%;12%;21%;20%;20%;20%;22%;20%;18%;19%;17%;20%;20%;21%;19%;19%;17%;16%;18%;22%;19%;14%;20%;;;;;;;;;;;;;;;;;;;;;;;;;;;;;;;;;;;;;;;;;;;;;;;;;;;;;;;;;
2050;17%;19%;17%;16%;15%;22%;19%;13%;21%;19%;22%;20%;21%;21%;17%;22%;24%;18%;19%;18%;17%;24%;18%;17%;14%;20%;16%;17%;16%;17%;17%;19%;21%;20%;21%;18%;17%;17%;16%;24%;23%;24%;23%;24%;25%;24%;24%;25%;20%;22%;19%;20%;14%;18%;14%;13%;12%;21%;21%;20%;21%;23%;21%;18%;19%;17%;21%;20%;22%;19%;19%;18%;17%;18%;23%;19%;14%;21%;;;;;;;;;;;;;;;;;;;;;;;;;;;;;;;;;;;;;;;;;;;;;;;;;;;;;;;;;
2051;17%;19%;18%;17%;16%;23%;19%;13%;21%;19%;23%;20%;21%;21%;18%;22%;25%;18%;20%;18%;18%;24%;19%;18%;14%;20%;17%;18%;17%;18%;17%;19%;22%;21%;22%;19%;17%;18%;17%;24%;24%;25%;24%;25%;26%;24%;25%;25%;21%;23%;20%;20%;14%;19%;14%;14%;13%;22%;22%;21%;22%;24%;21%;19%;20%;18%;21%;21%;22%;20%;20%;18%;17%;19%;24%;20%;15%;21%;;;;;;;;;;;;;;;;;;;;;;;;;;;;;;;;;;;;;;;;;;;;;;;;;;;;;;;;;
2052;18%;20%;18%;18%;17%;23%;20%;14%;22%;20%;23%;20%;22%;22%;18%;23%;25%;19%;20%;19%;18%;24%;19%;18%;15%;21%;17%;18%;18%;18%;18%;20%;22%;22%;22%;19%;18%;18%;18%;25%;24%;25%;24%;25%;26%;25%;25%;26%;21%;23%;20%;21%;15%;19%;15%;14%;14%;23%;22%;22%;22%;24%;22%;20%;21%;19%;22%;21%;22%;21%;20%;19%;18%;20%;24%;21%;15%;22%;;;;;;;;;;;;;;;;;;;;;;;;;;;;;;;;;;;;;;;;;;;;;;;;;;;;;;;;;
2053;19%;20%;19%;18%;17%;24%;20%;14%;22%;20%;23%;21%;22%;22%;19%;23%;25%;19%;21%;19%;19%;24%;19%;19%;16%;21%;18%;19%;18%;19%;19%;20%;23%;22%;23%;20%;18%;19%;18%;25%;25%;26%;25%;26%;27%;25%;26%;26%;22%;24%;21%;21%;15%;20%;15%;14%;15%;23%;23%;22%;23%;25%;23%;20%;21%;20%;22%;21%;23%;21%;21%;19%;19%;20%;25%;21%;15%;23%;;;;;;;;;;;;;;;;;;;;;;;;;;;;;;;;;;;;;;;;;;;;;;;;;;;;;;;;;
2054;19%;20%;19%;19%;18%;24%;21%;15%;23%;21%;24%;21%;22%;23%;19%;23%;25%;20%;21%;20%;19%;25%;20%;19%;17%;22%;18%;19%;19%;20%;19%;21%;23%;23%;23%;20%;19%;19%;19%;26%;25%;26%;25%;26%;27%;26%;26%;27%;23%;24%;21%;22%;15%;20%;16%;14%;15%;23%;23%;23%;23%;25%;23%;21%;22%;20%;22%;22%;23%;22%;21%;20%;19%;21%;25%;22%;16%;23%;;;;;;;;;;;;;;;;;;;;;;;;;;;;;;;;;;;;;;;;;;;;;;;;;;;;;;;;;
2055;20%;21%;20%;20%;18%;25%;21%;15%;23%;21%;24%;21%;23%;23%;19%;23%;26%;20%;21%;20%;20%;25%;20%;19%;17%;22%;19%;20%;20%;20%;20%;21%;23%;23%;24%;21%;19%;20%;20%;26%;26%;26%;25%;27%;27%;26%;26%;27%;23%;25%;22%;22%;16%;20%;16%;15%;16%;24%;24%;23%;24%;25%;24%;21%;22%;21%;23%;22%;23%;22%;21%;20%;20%;21%;25%;22%;16%;23%;;;;;;;;;;;;;;;;;;;;;;;;;;;;;;;;;;;;;;;;;;;;;;;;;;;;;;;;;
2056;20%;21%;20%;20%;19%;25%;22%;15%;24%;21%;24%;22%;23%;23%;20%;24%;26%;20%;22%;20%;20%;25%;20%;20%;18%;23%;20%;20%;20%;21%;20%;22%;24%;24%;24%;21%;20%;20%;20%;26%;26%;27%;26%;27%;28%;26%;27%;27%;23%;25%;22%;23%;16%;21%;16%;15%;17%;24%;24%;23%;24%;26%;24%;22%;23%;21%;23%;23%;23%;22%;22%;21%;20%;22%;26%;22%;16%;24%;;;;;;;;;;;;;;;;;;;;;;;;;;;;;;;;;;;;;;;;;;;;;;;;;;;;;;;;;
2057;21%;21%;20%;21%;19%;25%;22%;16%;24%;21%;24%;22%;23%;24%;20%;24%;26%;21%;22%;21%;21%;25%;21%;20%;18%;23%;20%;21%;21%;21%;21%;22%;24%;24%;25%;21%;20%;21%;21%;27%;26%;27%;26%;27%;28%;26%;27%;27%;24%;25%;23%;23%;16%;21%;17%;15%;17%;25%;24%;24%;24%;26%;25%;22%;23%;22%;23%;23%;24%;23%;22%;21%;21%;22%;26%;23%;17%;24%;;;;;;;;;;;;;;;;;;;;;;;;;;;;;;;;;;;;;;;;;;;;;;;;;;;;;;;;;
2058;21%;22%;21%;21%;20%;26%;22%;16%;24%;22%;25%;22%;24%;24%;20%;24%;26%;21%;22%;21%;21%;26%;21%;20%;19%;24%;20%;21%;21%;22%;21%;22%;25%;25%;25%;22%;20%;21%;21%;27%;26%;27%;26%;27%;28%;27%;27%;28%;24%;26%;23%;23%;17%;21%;17%;15%;18%;25%;25%;24%;25%;26%;25%;23%;23%;22%;24%;23%;24%;23%;22%;21%;21%;23%;26%;23%;17%;25%;;;;;;;;;;;;;;;;;;;;;;;;;;;;;;;;;;;;;;;;;;;;;;;;;;;;;;;;;
2059;21%;22%;21%;21%;20%;26%;23%;16%;25%;22%;25%;22%;24%;24%;21%;24%;26%;22%;23%;21%;21%;26%;21%;21%;20%;24%;21%;22%;21%;22%;21%;23%;25%;25%;25%;22%;21%;22%;22%;27%;27%;27%;27%;28%;28%;27%;27%;28%;25%;26%;23%;24%;17%;22%;17%;16%;18%;25%;25%;25%;25%;27%;25%;23%;24%;22%;24%;23%;24%;24%;23%;22%;22%;23%;27%;24%;17%;25%;;;;;;;;;;;;;;;;;;;;;;;;;;;;;;;;;;;;;;;;;;;;;;;;;;;;;;;;;
2060;22%;22%;21%;22%;21%;26%;23%;17%;25%;22%;25%;23%;24%;25%;21%;25%;26%;22%;23%;22%;22%;26%;22%;21%;20%;24%;21%;22%;22%;23%;22%;23%;25%;25%;26%;23%;21%;22%;22%;27%;27%;28%;27%;28%;28%;27%;28%;28%;25%;26%;24%;24%;17%;22%;17%;16%;19%;26%;25%;25%;25%;27%;26%;23%;24%;23%;24%;24%;24%;24%;23%;22%;22%;23%;27%;24%;18%;25%;;;;;;;;;;;;;;;;;;;;;;;;;;;;;;;;;;;;;;;;;;;;;;;;;;;;;;;;;
2061;22%;23%;22%;22%;21%;26%;24%;17%;25%;23%;25%;23%;24%;25%;21%;25%;26%;22%;23%;22%;22%;26%;22%;21%;21%;25%;22%;22%;22%;23%;22%;23%;26%;26%;26%;23%;21%;22%;23%;28%;27%;28%;27%;28%;29%;27%;28%;28%;25%;26%;24%;24%;18%;22%;18%;16%;19%;26%;26%;25%;25%;27%;26%;24%;24%;23%;24%;24%;25%;24%;23%;22%;22%;24%;27%;24%;18%;25%;;;;;;;;;;;;;;;;;;;;;;;;;;;;;;;;;;;;;;;;;;;;;;;;;;;;;;;;;
2062;23%;23%;22%;23%;22%;27%;24%;17%;26%;23%;25%;23%;25%;25%;22%;25%;27%;23%;23%;22%;22%;26%;22%;22%;21%;25%;22%;23%;23%;24%;23%;23%;26%;26%;26%;23%;22%;23%;23%;28%;27%;28%;27%;28%;29%;27%;28%;28%;25%;27%;24%;25%;18%;23%;18%;16%;20%;26%;26%;25%;26%;27%;26%;24%;24%;24%;25%;24%;25%;24%;23%;23%;23%;24%;27%;25%;18%;26%;;;;;;;;;;;;;;;;;;;;;;;;;;;;;;;;;;;;;;;;;;;;;;;;;;;;;;;;;
2063;23%;23%;22%;23%;22%;27%;24%;18%;26%;23%;26%;23%;25%;25%;22%;25%;27%;23%;24%;23%;23%;27%;22%;22%;22%;25%;23%;23%;23%;24%;23%;24%;26%;26%;26%;24%;22%;23%;23%;28%;28%;28%;27%;28%;29%;28%;28%;29%;26%;27%;25%;25%;18%;23%;18%;16%;20%;26%;26%;26%;26%;28%;26%;24%;25%;24%;25%;24%;25%;25%;24%;23%;23%;24%;27%;25%;19%;26%;;;;;;;;;;;;;;;;;;;;;;;;;;;;;;;;;;;;;;;;;;;;;;;;;;;;;;;;;
2064;23%;23%;23%;23%;22%;27%;24%;18%;26%;23%;26%;24%;25%;26%;22%;25%;27%;23%;24%;23%;23%;27%;23%;22%;22%;26%;23%;23%;23%;24%;23%;24%;26%;27%;27%;24%;22%;23%;24%;28%;28%;28%;27%;28%;29%;28%;28%;29%;26%;27%;25%;25%;19%;23%;18%;16%;21%;26%;26%;26%;26%;28%;27%;24%;25%;24%;25%;25%;25%;25%;24%;23%;23%;25%;28%;25%;19%;26%;;;;;;;;;;;;;;;;;;;;;;;;;;;;;;;;;;;;;;;;;;;;;;;;;;;;;;;;;
2065;24%;24%;23%;24%;23%;27%;25%;18%;26%;23%;26%;24%;25%;26%;22%;26%;27%;23%;24%;23%;23%;27%;23%;22%;23%;26%;23%;24%;24%;25%;23%;24%;27%;27%;27%;24%;23%;23%;24%;28%;28%;28%;28%;29%;29%;28%;28%;29%;26%;27%;25%;26%;19%;23%;19%;16%;21%;27%;26%;26%;26%;28%;27%;25%;25%;24%;25%;25%;25%;25%;24%;24%;24%;25%;28%;25%;19%;26%;;;;;;;;;;;;;;;;;;;;;;;;;;;;;;;;;;;;;;;;;;;;;;;;;;;;;;;;;
2066;24%;24%;23%;24%;23%;27%;25%;19%;27%;24%;26%;24%;26%;26%;23%;26%;27%;24%;24%;23%;24%;27%;23%;23%;23%;26%;24%;24%;24%;25%;24%;24%;27%;27%;27%;25%;23%;24%;24%;28%;28%;29%;28%;29%;29%;28%;29%;29%;26%;27%;25%;26%;19%;24%;19%;16%;21%;27%;27%;26%;27%;28%;27%;25%;25%;25%;25%;25%;26%;25%;24%;24%;24%;25%;28%;26%;20%;27%;;;;;;;;;;;;;;;;;;;;;;;;;;;;;;;;;;;;;;;;;;;;;;;;;;;;;;;;;
2067;24%;24%;23%;24%;24%;28%;25%;19%;27%;24%;26%;24%;26%;26%;23%;26%;27%;24%;25%;24%;24%;27%;23%;23%;23%;26%;24%;24%;24%;25%;24%;24%;27%;28%;27%;25%;23%;24%;25%;28%;28%;29%;28%;29%;29%;28%;29%;29%;27%;27%;26%;26%;20%;24%;19%;17%;22%;27%;27%;26%;27%;28%;27%;25%;26%;25%;26%;25%;26%;26%;25%;24%;24%;26%;28%;26%;20%;27%;;;;;;;;;;;;;;;;;;;;;;;;;;;;;;;;;;;;;;;;;;;;;;;;;;;;;;;;;
2068;24%;24%;24%;24%;24%;28%;26%;19%;27%;24%;26%;24%;26%;27%;23%;26%;27%;24%;25%;24%;24%;27%;24%;23%;24%;27%;24%;24%;25%;25%;24%;25%;27%;28%;28%;25%;23%;24%;25%;29%;28%;29%;28%;29%;30%;28%;29%;29%;27%;28%;26%;26%;20%;24%;19%;17%;22%;27%;27%;27%;27%;29%;28%;25%;26%;25%;26%;26%;26%;26%;25%;24%;25%;26%;28%;26%;20%;27%;;;;;;;;;;;;;;;;;;;;;;;;;;;;;;;;;;;;;;;;;;;;;;;;;;;;;;;;;
2069;25%;25%;24%;25%;24%;28%;26%;20%;27%;24%;27%;25%;26%;27%;23%;26%;27%;24%;25%;24%;24%;28%;24%;23%;24%;27%;24%;25%;25%;26%;25%;25%;28%;28%;28%;25%;24%;24%;25%;29%;28%;29%;28%;29%;30%;28%;29%;29%;27%;28%;26%;27%;20%;24%;19%;17%;22%;27%;27%;27%;27%;29%;28%;26%;26%;25%;26%;26%;26%;26%;25%;25%;25%;26%;28%;26%;21%;27%;;;;;;;;;;;;;;;;;;;;;;;;;;;;;;;;;;;;;;;;;;;;;;;;;;;;;;;;;
2070;25%;25%;24%;25%;25%;28%;26%;20%;27%;24%;27%;25%;26%;27%;23%;26%;27%;25%;25%;24%;24%;28%;24%;24%;25%;27%;25%;25%;25%;26%;25%;25%;28%;28%;28%;26%;24%;25%;25%;29%;28%;29%;28%;29%;30%;29%;29%;29%;27%;28%;26%;27%;21%;25%;19%;17%;23%;28%;27%;27%;27%;29%;28%;26%;26%;26%;26%;26%;26%;26%;25%;25%;25%;26%;28%;27%;21%;27%;;;;;;;;;;;;;;;;;;;;;;;;;;;;;;;;;;;;;;;;;;;;;;;;;;;;;;;;;
2071;25%;25%;24%;25%;25%;28%;26%;20%;27%;25%;27%;25%;27%;27%;24%;27%;27%;25%;25%;24%;25%;28%;24%;24%;25%;27%;25%;25%;25%;26%;25%;25%;28%;28%;28%;26%;24%;25%;26%;29%;29%;29%;28%;29%;30%;29%;29%;30%;27%;28%;26%;27%;21%;25%;20%;17%;23%;28%;27%;27%;27%;29%;28%;26%;26%;26%;26%;26%;26%;27%;25%;25%;25%;27%;28%;27%;21%;28%;;;;;;;;;;;;;;;;;;;;;;;;;;;;;;;;;;;;;;;;;;;;;;;;;;;;;;;;;
2072;26%;25%;25%;26%;25%;28%;27%;21%;28%;25%;27%;25%;27%;27%;24%;27%;27%;25%;26%;25%;25%;28%;25%;24%;25%;28%;25%;25%;26%;26%;25%;25%;28%;29%;28%;26%;24%;25%;26%;29%;29%;29%;29%;29%;30%;29%;29%;30%;27%;28%;27%;27%;21%;25%;20%;17%;23%;28%;28%;27%;28%;29%;28%;26%;27%;26%;26%;26%;27%;27%;26%;25%;26%;27%;29%;27%;21%;28%;;;;;;;;;;;;;;;;;;;;;;;;;;;;;;;;;;;;;;;;;;;;;;;;;;;;;;;;;
2073;26%;26%;25%;26%;25%;29%;27%;21%;28%;25%;27%;25%;27%;28%;24%;27%;27%;25%;26%;25%;25%;28%;25%;24%;26%;28%;25%;26%;26%;27%;25%;25%;28%;29%;28%;26%;24%;25%;26%;29%;29%;29%;29%;29%;30%;29%;29%;30%;28%;28%;27%;27%;21%;25%;20%;17%;24%;28%;28%;28%;28%;29%;28%;26%;27%;26%;27%;26%;27%;27%;26%;25%;26%;27%;29%;27%;22%;28%;;;;;;;;;;;;;;;;;;;;;;;;;;;;;;;;;;;;;;;;;;;;;;;;;;;;;;;;;
2074;26%;26%;25%;26%;26%;29%;27%;21%;28%;25%;27%;25%;27%;28%;24%;27%;28%;26%;26%;25%;25%;28%;25%;24%;26%;28%;26%;26%;26%;27%;26%;25%;28%;29%;29%;27%;25%;25%;26%;29%;29%;30%;29%;30%;30%;29%;29%;30%;28%;28%;27%;28%;22%;25%;20%;17%;24%;28%;28%;28%;28%;29%;29%;26%;27%;26%;27%;27%;27%;27%;26%;26%;26%;27%;29%;27%;22%;28%;;;;;;;;;;;;;;;;;;;;;;;;;;;;;;;;;;;;;;;;;;;;;;;;;;;;;;;;;
2075;26%;26%;25%;26%;26%;29%;27%;22%;28%;25%;27%;26%;27%;28%;24%;27%;28%;26%;26%;25%;25%;28%;25%;25%;26%;28%;26%;26%;26%;27%;26%;26%;29%;29%;29%;27%;25%;26%;27%;29%;29%;30%;29%;30%;30%;29%;30%;30%;28%;29%;27%;28%;22%;26%;20%;17%;24%;28%;28%;28%;28%;30%;29%;27%;27%;26%;27%;27%;27%;27%;26%;26%;26%;27%;29%;28%;22%;28%;;;;;;;;;;;;;;;;;;;;;;;;;;;;;;;;;;;;;;;;;;;;;;;;;;;;;;;;;
2076;27%;26%;25%;26%;26%;29%;27%;22%;28%;25%;27%;26%;27%;28%;25%;27%;28%;26%;26%;25%;26%;28%;25%;25%;27%;28%;26%;26%;26%;27%;26%;26%;29%;29%;29%;27%;25%;26%;27%;29%;29%;30%;29%;30%;30%;29%;30%;30%;28%;29%;27%;28%;22%;26%;20%;17%;25%;28%;28%;28%;28%;30%;29%;27%;27%;27%;27%;27%;27%;27%;26%;26%;27%;27%;29%;28%;23%;28%;;;;;;;;;;;;;;;;;;;;;;;;;;;;;;;;;;;;;;;;;;;;;;;;;;;;;;;;;
2077;27%;26%;26%;27%;27%;29%;28%;22%;28%;26%;28%;26%;28%;28%;25%;28%;28%;26%;26%;26%;26%;29%;25%;25%;27%;28%;26%;26%;27%;27%;26%;26%;29%;30%;29%;27%;25%;26%;27%;30%;29%;30%;29%;30%;30%;29%;30%;30%;28%;29%;28%;28%;23%;26%;20%;17%;25%;29%;28%;28%;28%;30%;29%;27%;27%;27%;27%;27%;27%;28%;27%;26%;27%;28%;29%;28%;23%;28%;;;;;;;;;;;;;;;;;;;;;;;;;;;;;;;;;;;;;;;;;;;;;;;;;;;;;;;;;
2078;27%;26%;26%;27%;27%;29%;28%;22%;29%;26%;28%;26%;28%;28%;25%;28%;28%;26%;27%;26%;26%;29%;26%;25%;27%;29%;27%;27%;27%;28%;26%;26%;29%;30%;29%;27%;25%;26%;27%;30%;29%;30%;29%;30%;31%;29%;30%;30%;28%;29%;28%;28%;23%;26%;21%;17%;25%;29%;29%;28%;28%;30%;29%;27%;28%;27%;27%;27%;27%;28%;27%;26%;27%;28%;29%;28%;23%;29%;;;;;;;;;;;;;;;;;;;;;;;;;;;;;;;;;;;;;;;;;;;;;;;;;;;;;;;;;
2079;27%;27%;26%;27%;27%;29%;28%;23%;29%;26%;28%;26%;28%;29%;25%;28%;28%;26%;27%;26%;26%;29%;26%;25%;27%;29%;27%;27%;27%;28%;27%;26%;29%;30%;29%;28%;26%;26%;27%;30%;30%;30%;29%;30%;31%;30%;30%;30%;29%;29%;28%;28%;23%;26%;21%;17%;25%;29%;29%;28%;29%;30%;29%;27%;28%;27%;27%;27%;27%;28%;27%;26%;27%;28%;29%;28%;23%;29%;;;;;;;;;;;;;;;;;;;;;;;;;;;;;;;;;;;;;;;;;;;;;;;;;;;;;;;;;
2080;27%;27%;26%;27%;27%;29%;28%;23%;29%;26%;28%;26%;28%;29%;25%;28%;28%;27%;27%;26%;26%;29%;26%;25%;28%;29%;27%;27%;27%;28%;27%;26%;29%;30%;29%;28%;26%;26%;28%;30%;30%;30%;29%;30%;31%;30%;30%;30%;29%;29%;28%;29%;23%;26%;21%;17%;26%;29%;29%;29%;29%;30%;29%;28%;28%;27%;28%;28%;28%;28%;27%;27%;27%;28%;30%;28%;23%;29%;;;;;;;;;;;;;;;;;;;;;;;;;;;;;;;;;;;;;;;;;;;;;;;;;;;;;;;;;
2081;28%;27%;26%;27%;28%;30%;28%;23%;29%;26%;28%;27%;28%;29%;25%;28%;28%;27%;27%;26%;26%;29%;26%;26%;28%;29%;27%;27%;27%;28%;27%;26%;29%;30%;30%;28%;26%;27%;28%;30%;30%;30%;30%;30%;31%;30%;30%;30%;29%;29%;28%;29%;24%;27%;21%;17%;26%;29%;29%;29%;29%;30%;29%;28%;28%;28%;28%;28%;28%;28%;27%;27%;27%;28%;30%;28%;24%;29%;;;;;;;;;;;;;;;;;;;;;;;;;;;;;;;;;;;;;;;;;;;;;;;;;;;;;;;;;
2082;28%;27%;27%;27%;28%;30%;28%;23%;29%;26%;28%;27%;28%;29%;26%;28%;28%;27%;27%;26%;27%;29%;26%;26%;28%;29%;27%;27%;28%;28%;27%;26%;30%;30%;30%;28%;26%;27%;28%;30%;30%;30%;30%;30%;31%;30%;30%;30%;29%;29%;28%;29%;24%;27%;21%;17%;26%;29%;29%;29%;29%;30%;30%;28%;28%;28%;28%;28%;28%;28%;27%;27%;28%;28%;30%;29%;24%;29%;;;;;;;;;;;;;;;;;;;;;;;;;;;;;;;;;;;;;;;;;;;;;;;;;;;;;;;;;
2083;28%;27%;27%;28%;28%;30%;29%;24%;29%;26%;28%;27%;28%;29%;26%;28%;28%;27%;27%;27%;27%;29%;26%;26%;28%;29%;27%;27%;28%;28%;27%;26%;30%;30%;30%;28%;26%;27%;28%;30%;30%;30%;30%;30%;31%;30%;30%;31%;29%;29%;28%;29%;24%;27%;21%;17%;26%;29%;29%;29%;29%;31%;30%;28%;28%;28%;28%;28%;28%;29%;27%;27%;28%;29%;30%;29%;24%;29%;;;;;;;;;;;;;;;;;;;;;;;;;;;;;;;;;;;;;;;;;;;;;;;;;;;;;;;;;
2084;28%;27%;27%;28%;28%;30%;29%;24%;29%;27%;28%;27%;28%;29%;26%;28%;28%;27%;27%;27%;27%;29%;27%;26%;28%;29%;28%;27%;28%;29%;27%;27%;30%;30%;30%;28%;27%;27%;28%;30%;30%;31%;30%;30%;31%;30%;30%;31%;29%;30%;28%;29%;24%;27%;21%;17%;27%;29%;29%;29%;29%;31%;30%;28%;28%;28%;28%;28%;28%;29%;28%;27%;28%;29%;30%;29%;24%;29%;;;;;;;;;;;;;;;;;;;;;;;;;;;;;;;;;;;;;;;;;;;;;;;;;;;;;;;;;
2085;28%;28%;27%;28%;28%;30%;29%;24%;29%;27%;28%;27%;29%;29%;26%;29%;28%;27%;28%;27%;27%;29%;27%;26%;29%;29%;28%;28%;28%;29%;28%;27%;30%;31%;30%;28%;27%;27%;28%;30%;30%;31%;30%;31%;31%;30%;30%;31%;29%;30%;29%;29%;24%;27%;21%;17%;27%;30%;29%;29%;29%;31%;30%;28%;29%;28%;28%;28%;28%;29%;28%;27%;28%;29%;30%;29%;25%;29%;;;;;;;;;;;;;;;;;;;;;;;;;;;;;;;;;;;;;;;;;;;;;;;;;;;;;;;;;
2086;29%;28%;27%;28%;29%;30%;29%;24%;30%;27%;29%;27%;29%;29%;26%;29%;28%;28%;28%;27%;27%;29%;27%;26%;29%;30%;28%;28%;28%;29%;28%;27%;30%;31%;30%;29%;27%;27%;29%;30%;30%;31%;30%;31%;31%;30%;31%;31%;29%;30%;29%;29%;25%;27%;21%;17%;27%;30%;29%;29%;29%;31%;30%;28%;29%;28%;28%;28%;28%;29%;28%;27%;28%;29%;30%;29%;25%;30%;;;;;;;;;;;;;;;;;;;;;;;;;;;;;;;;;;;;;;;;;;;;;;;;;;;;;;;;;
2087;29%;28%;27%;28%;29%;30%;29%;25%;30%;27%;29%;27%;29%;30%;26%;29%;28%;28%;28%;27%;27%;29%;27%;26%;29%;30%;28%;28%;28%;29%;28%;27%;30%;31%;30%;29%;27%;27%;29%;30%;30%;31%;30%;31%;31%;30%;31%;31%;30%;30%;29%;30%;25%;27%;22%;17%;27%;30%;30%;29%;29%;31%;30%;29%;29%;28%;28%;28%;28%;29%;28%;27%;28%;29%;30%;29%;25%;30%;;;;;;;;;;;;;;;;;;;;;;;;;;;;;;;;;;;;;;;;;;;;;;;;;;;;;;;;;
2088;29%;28%;27%;28%;29%;30%;29%;25%;30%;27%;29%;27%;29%;30%;26%;29%;28%;28%;28%;27%;27%;30%;27%;27%;29%;30%;28%;28%;28%;29%;28%;27%;30%;31%;30%;29%;27%;28%;29%;31%;30%;31%;30%;31%;31%;30%;31%;31%;30%;30%;29%;30%;25%;27%;22%;17%;27%;30%;30%;30%;29%;31%;30%;29%;29%;29%;28%;29%;28%;29%;28%;28%;28%;29%;30%;29%;25%;30%;;;;;;;;;;;;;;;;;;;;;;;;;;;;;;;;;;;;;;;;;;;;;;;;;;;;;;;;;
2089;29%;28%;28%;29%;29%;30%;29%;25%;30%;27%;29%;27%;29%;30%;26%;29%;28%;28%;28%;27%;27%;30%;27%;27%;29%;30%;28%;28%;29%;29%;28%;27%;30%;31%;30%;29%;27%;28%;29%;31%;30%;31%;30%;31%;31%;30%;31%;31%;30%;30%;29%;30%;25%;28%;22%;17%;28%;30%;30%;30%;30%;31%;30%;29%;29%;29%;29%;29%;29%;29%;28%;28%;29%;29%;30%;29%;25%;30%;;;;;;;;;;;;;;;;;;;;;;;;;;;;;;;;;;;;;;;;;;;;;;;;;;;;;;;;;
2090;29%;28%;28%;29%;29%;30%;30%;25%;30%;27%;29%;28%;29%;30%;27%;29%;28%;28%;28%;28%;28%;30%;27%;27%;29%;30%;28%;28%;29%;29%;28%;27%;30%;31%;31%;29%;27%;28%;29%;31%;31%;31%;30%;31%;31%;30%;31%;31%;30%;30%;29%;30%;25%;28%;22%;17%;28%;30%;30%;30%;30%;31%;30%;29%;29%;29%;29%;29%;29%;29%;28%;28%;29%;29%;30%;30%;26%;30%;;;;;;;;;;;;;;;;;;;;;;;;;;;;;;;;;;;;;;;;;;;;;;;;;;;;;;;;;
2091;29%;28%;28%;29%;29%;30%;30%;26%;30%;27%;29%;28%;29%;30%;27%;29%;29%;28%;28%;28%;28%;30%;28%;27%;30%;30%;29%;28%;29%;30%;28%;27%;31%;31%;31%;29%;28%;28%;29%;31%;31%;31%;30%;31%;31%;31%;31%;31%;30%;30%;29%;30%;26%;28%;22%;18%;28%;30%;30%;30%;30%;31%;30%;29%;29%;29%;29%;29%;29%;29%;28%;28%;29%;30%;30%;30%;26%;30%;;;;;;;;;;;;;;;;;;;;;;;;;;;;;;;;;;;;;;;;;;;;;;;;;;;;;;;;;
2092;29%;28%;28%;29%;30%;31%;30%;26%;30%;27%;29%;28%;29%;30%;27%;29%;29%;28%;28%;28%;28%;30%;28%;27%;30%;30%;29%;28%;29%;30%;29%;27%;31%;31%;31%;29%;28%;28%;29%;31%;31%;31%;30%;31%;31%;31%;31%;31%;30%;30%;29%;30%;26%;28%;22%;18%;28%;30%;30%;30%;30%;31%;30%;29%;29%;29%;29%;29%;29%;30%;28%;28%;29%;30%;31%;30%;26%;30%;;;;;;;;;;;;;;;;;;;;;;;;;;;;;;;;;;;;;;;;;;;;;;;;;;;;;;;;;
2093;30%;28%;28%;29%;30%;31%;30%;26%;30%;28%;29%;28%;29%;30%;27%;29%;29%;28%;28%;28%;28%;30%;28%;27%;30%;30%;29%;29%;29%;30%;29%;28%;31%;31%;31%;29%;28%;28%;30%;31%;31%;31%;31%;31%;32%;31%;31%;31%;30%;30%;29%;30%;26%;28%;22%;18%;28%;30%;30%;30%;30%;31%;30%;29%;29%;29%;29%;29%;29%;30%;28%;28%;29%;30%;31%;30%;26%;30%;;;;;;;;;;;;;;;;;;;;;;;;;;;;;;;;;;;;;;;;;;;;;;;;;;;;;;;;;
2094;30%;29%;28%;29%;30%;31%;30%;26%;30%;28%;29%;28%;29%;30%;27%;29%;29%;28%;29%;28%;28%;30%;28%;27%;30%;30%;29%;29%;29%;30%;29%;28%;31%;31%;31%;30%;28%;28%;30%;31%;31%;31%;31%;31%;32%;31%;31%;31%;30%;30%;30%;30%;26%;28%;22%;18%;28%;30%;30%;30%;30%;31%;31%;29%;30%;29%;29%;29%;29%;30%;29%;28%;29%;30%;31%;30%;26%;30%;;;;;;;;;;;;;;;;;;;;;;;;;;;;;;;;;;;;;;;;;;;;;;;;;;;;;;;;;
2095;30%;29%;28%;29%;30%;31%;30%;26%;30%;28%;29%;28%;29%;30%;27%;30%;29%;29%;29%;28%;28%;30%;28%;27%;30%;30%;29%;29%;29%;30%;29%;28%;31%;32%;31%;30%;28%;28%;30%;31%;31%;31%;31%;31%;32%;31%;31%;31%;30%;31%;30%;30%;26%;28%;22%;18%;29%;30%;30%;30%;30%;31%;31%;29%;30%;29%;29%;29%;29%;30%;29%;28%;29%;30%;31%;30%;26%;30%;;;;;;;;;;;;;;;;;;;;;;;;;;;;;;;;;;;;;;;;;;;;;;;;;;;;;;;;;
2096;30%;29%;28%;29%;30%;31%;30%;26%;30%;28%;29%;28%;30%;30%;27%;30%;29%;29%;29%;28%;28%;30%;28%;28%;30%;31%;29%;29%;29%;30%;29%;28%;31%;32%;31%;30%;28%;28%;30%;31%;31%;31%;31%;31%;32%;31%;31%;31%;30%;31%;30%;31%;26%;28%;22%;18%;29%;30%;30%;30%;30%;31%;31%;29%;30%;29%;29%;29%;29%;30%;29%;28%;29%;30%;31%;30%;27%;30%;;;;;;;;;;;;;;;;;;;;;;;;;;;;;;;;;;;;;;;;;;;;;;;;;;;;;;;;;
2097;30%;29%;29%;30%;30%;31%;30%;27%;30%;28%;29%;28%;30%;30%;27%;30%;29%;29%;29%;28%;28%;30%;28%;28%;30%;31%;29%;29%;30%;30%;29%;28%;31%;32%;31%;30%;28%;29%;30%;31%;31%;31%;31%;31%;32%;31%;31%;31%;30%;31%;30%;31%;27%;28%;22%;18%;29%;31%;30%;30%;30%;32%;31%;30%;30%;30%;29%;29%;29%;30%;29%;29%;30%;30%;31%;30%;27%;30%;;;;;;;;;;;;;;;;;;;;;;;;;;;;;;;;;;;;;;;;;;;;;;;;;;;;;;;;;
2098;30%;29%;29%;30%;30%;31%;30%;27%;31%;28%;29%;28%;30%;30%;27%;30%;29%;29%;29%;28%;28%;30%;28%;28%;30%;31%;30%;29%;30%;30%;29%;28%;31%;32%;31%;30%;29%;29%;30%;31%;31%;31%;31%;31%;32%;31%;31%;31%;31%;31%;30%;31%;27%;29%;22%;18%;29%;31%;30%;30%;30%;32%;31%;30%;30%;30%;29%;29%;29%;30%;29%;29%;30%;30%;31%;30%;27%;31%;;;;;;;;;;;;;;;;;;;;;;;;;;;;;;;;;;;;;;;;;;;;;;;;;;;;;;;;;
2099;30%;29%;29%;30%;30%;31%;31%;27%;31%;28%;29%;28%;30%;31%;27%;30%;29%;29%;29%;29%;28%;30%;29%;28%;31%;31%;30%;29%;30%;30%;29%;28%;31%;32%;31%;30%;29%;29%;30%;31%;31%;31%;31%;31%;32%;31%;31%;32%;31%;31%;30%;31%;27%;29%;23%;18%;29%;31%;31%;30%;30%;32%;31%;30%;30%;30%;29%;30%;29%;30%;29%;29%;30%;30%;31%;31%;27%;31%;;;;;;;;;;;;;;;;;;;;;;;;;;;;;;;;;;;;;;;;;;;;;;;;;;;;;;;;;
2100;30%;29%;29%;30%;31%;31%;31%;27%;31%;28%;30%;29%;30%;31%;27%;30%;29%;29%;29%;29%;29%;30%;29%;28%;31%;31%;30%;29%;30%;31%;29%;28%;31%;32%;31%;30%;29%;29%;30%;31%;31%;32%;31%;32%;32%;31%;31%;32%;31%;31%;30%;31%;27%;29%;23%;18%;30%;31%;31%;31%;30%;32%;31%;30%;30%;30%;29%;30%;29%;30%;29%;29%;30%;31%;31%;31%;27%;31%;;;;;;;;;;;;;;;;;;;;;;;;;;;;;;;;;;;;;;;;;;;;;;;;;;;;;;;;;
